step	dice_multi
0	0.4951829383030958
1	0.5720612883608478
2	0.5973619368947811
3	0.6539589952840317
4	0.8727551048930282
5	0.8369235817458469
6	0.8296175154287554
7	0.8508816214206176
8	0.85357668413169
