step	dice_multi
0	0.49552711825452594
1	0.49552711825452594
2	0.8425657777542819
3	0.8602734633592324
4	0.8637002515426468
5	0.8616195978062158
6	0.8705841752564911
7	0.8703310955761114
8	0.870250294414395
