step	dice_multi
0	0.49522361053378
1	0.49522361053378
2	0.8601559932485903
3	0.8733412834288354
4	0.874605331364922
5	0.8910065207003777
6	0.8725112124133243
7	0.9059057321143447
8	0.8992542937422044
