step	dice_multi
0	0.49555762768521616
1	0.7052595106306287
2	0.8561567308810677
3	0.897826275809904
4	0.9024268102371195
5	0.9141264073655548
6	0.9120433406447326
7	0.9338079917195086
8	0.9173078801919043
9	0.927852325568432
10	0.929033255894118
