step	dice_multi
0	0.49609731128583323
1	0.49609731128583323
2	0.8438431840871328
3	0.8756683018169658
4	0.8918267305720768
5	0.897015723579133
6	0.9009193988784869
7	0.9012428591984579
8	0.9062887468935523
