step	dice_multi
0	0.49521015671249274
1	0.5448123316508486
2	0.8521512179119202
3	0.8667084380410053
4	0.8662570325139304
5	0.8872968975540021
6	0.8845887080097283
