step	dice_multi
0	0.4964065263234159
1	0.4964065263234159
2	0.6894112165261729
3	0.8477722132690242
4	0.8460859689208899
5	0.7751505009438229
6	0.8442397558427026
7	0.8556544592051252
8	0.8588009461632463
