step	dice_multi
0	0.49555762768521616
1	0.49555762768521616
2	0.49555762768521616
3	0.777795942620912
4	0.8625905919462029
5	0.876388532192738
6	0.8782152088004853
7	0.8821973794927276
8	0.882365030928693
9	0.8822591390581515
10	0.8825541028849367
