step	dice_multi
0	0.4951829383030958
1	0.4951829383030958
2	0.7146416819584254
3	0.8136250437399044
4	0.8576805774368894
5	0.8696056736460327
6	0.8791688585111332
7	0.89357021223588
8	0.8899773205665857
