step	dice_multi
0	0.49570402159861404
1	0.4958324928301785
2	0.8079865581188586
3	0.8629023544499121
4	0.8933830453286977
5	0.9068818118713129
6	0.9038009442847945
7	0.904235729181124
8	0.9057764205946428
