step	dice_multi
0	0.4952215431354005
1	0.4952215431354005
2	0.8679660706740829
3	0.8318515803471609
4	0.8860860056484525
5	0.8855060141616067
6	0.8934061017970869
7	0.9083369840437845
8	0.9103736370356799
