step	dice_multi
0	0.49565079728053896
1	0.5928133075002661
2	0.7913248339851116
3	0.903864844525715
