step	dice_multi
0	0.49555762768521616
1	0.49555762768521616
2	0.49555762768521616
3	0.7778188248259781
4	0.8625647585816962
5	0.8764305288919089
6	0.8781682813166176
7	0.8822600289022651
8	0.882396095973763
9	0.8825727702099357
10	0.8824033625961853
