step	dice_multi
0	0.4954596651894286
1	0.49589534228557036
2	0.5001889880914595
3	0.8688650606008426
4	0.8212947589040664
5	0.881760124427909
6	0.8946708410809181
7	0.9108416831584663
8	0.9166807418459704
