step	dice_multi
0	0.49580101619694394
1	0.49580101619694394
2	0.8628784349948933
3	0.8885014899276924
4	0.9122923691906011
5	0.9080750320335083
6	0.9153632682284795
7	0.9207259962230135
8	0.9225914708057439
9	0.9199683146072268
10	0.9210826269739965
