step	dice_multi
0	0.49555762768521616
1	0.49555762768521616
2	0.49555762768521616
3	0.7777611016214472
4	0.8625647585816962
5	0.8763627453092934
6	0.8782214378166694
7	0.8823166887818517
8	0.8823123210149462
9	0.8823378948372711
10	0.8825494994776251
