step	dice_multi
0	0.49565079728053896
1	0.8185233325995493
2	0.8863546938180598
