step	dice_multi
0	0.49576533505047865
1	0.49576533505047865
2	0.49576533505047865
3	0.8801675982863852
4	0.8863265389576049
5	0.9023209833825522
6	0.8951902335493132
7	0.8997989967894469
8	0.9012576415883633
