step	dice_multi
0	0.4956229239545248
1	0.4956229239545248
2	0.6445856608680058
3	0.8557957080396434
4	0.8865991921558989
5	0.9012859891728021
6	0.9052324073965203
7	0.9121124862663585
8	0.9128035648988385
