step	dice_multi
0	0.4964015509117974
1	0.4964015509117974
2	0.7477340166870932
3	0.763931302793879
4	0.8331204821994416
5	0.8142492301432926
6	0.8447287940782362
7	0.8533705311227022
8	0.8563485246105067
