step	dice_multi
0	0.49565079728053896
1	0.49565079728053896
