step	dice_multi
0	0.4951829383030958
1	0.537560564091425
2	0.7531322856940341
3	0.8263049241606668
4	0.876072674753645
5	0.8837731140610965
6	0.8910333026048687
7	0.8870764045730153
8	0.8919034788771758
