step	dice_multi
0	0.4959418044138934
1	0.49701895344010866
2	0.7504599618326144
3	0.8462157047620704
4	0.877674888862826
5	0.8933612534429682
6	0.894820538733673
7	0.9025895240240542
8	0.9008439798422063
