step	dice_multi
0	0.49555762768521616
1	0.61584753268119
2	0.8213475347191758
3	0.8726721630160124
4	0.8726766108157022
5	0.8744787594084642
