step	dice_multi
0	0.49546190815419455
1	0.49546190815419455
2	0.4955755005342117
3	0.8627363103711227
4	0.8879518632083578
5	0.8891051559882974
6	0.8914226319854152
7	0.892022457101203
8	0.8917905542129072
