step	dice_multi
0	0.49552711825452594
1	0.49552711825452594
2	0.8425488131771701
3	0.8602582134399404
4	0.863787210464056
5	0.8616468371251683
6	0.8705992918189078
7	0.8702569808100458
8	0.870407592388631
