step	dice_multi
0	0.49580101619694394
1	0.49580101619694394
2	0.8629283366888945
3	0.8883020803002661
4	0.9124223086467624
5	0.9083467195355664
6	0.9153197786228584
7	0.9207664203442275
8	0.9227562969303242
9	0.920001642374798
10	0.9210007949892698
