step	dice_multi
0	0.4952215431354005
1	0.4952215431354005
2	0.8679889667781864
3	0.832360121557306
4	0.8862399059822808
5	0.8837816523230656
6	0.8915386971192703
7	0.9074241013645699
8	0.9090698935044449
