step	dice_multi
0	0.49570402159861404
1	0.496089337131166
2	0.8548226038849613
3	0.8258732209953052
4	0.8832041314903987
5	0.8983873742095196
6	0.8962284126990053
7	0.9030610449272348
8	0.9036645866735462
