step	dice_multi
0	0.4955218480699877
1	0.4955218480699877
2	0.5439327333138575
3	0.8546539755542928
4	0.8716056136752656
5	0.8679426278303453
6	0.8829176362354203
7	0.8772322424359458
8	0.8776846866196129
