step	dice_multi
0	0.49570402159861404
1	0.6055018899187217
2	0.7729768679038352
3	0.8943917221268302
4	0.8873653150890553
5	0.9123069980449162
6	0.9149175343646291
7	0.9140094792424327
8	0.9147342803098801
