step	dice_multi
0	0.49584229686104814
1	0.49809326963175043
2	0.7653800865881362
3	0.8719311408831101
4	0.8907315927088021
5	0.8946350432771731
6	0.8997343077495307
7	0.8985551138894857
8	0.8988342972271111
