step	dice_multi
0	0.49565079728053896
1	0.5920870115735637
2	0.7907529795195553
3	0.9038623643328287
