step	dice_multi
0	0.4955581207366218
1	0.6343102785670964
2	0.8765057383227808
3	0.8878066395213526
4	0.9094337859054065
5	0.9177779315296893
6	0.9167519099331826
7	0.9262117701766768
8	0.9324526420659641
9	0.934637913837632
10	0.9346414835637199
