step	dice_multi
0	0.4954155887580733
1	0.4954155887580733
2	0.9167523461948095
3	0.9218020086618312
4	0.9292344313976764
5	0.9253798305940307
6	0.9319718441340992
7	0.9331522360854725
8	0.9340795388735517
