step	dice_multi
0	0.49570402159861404
1	0.6046848163975771
2	0.7798542743105072
3	0.8923368306565462
4	0.8937652718957799
5	0.9113081077545568
6	0.9145758788174094
7	0.9148321304192204
8	0.9153490022648962
