step	dice_multi
0	0.49551990639529514
1	0.49551990639529514
2	0.9022891157793007
3	0.9000127046693126
4	0.8263205873195264
5	0.9031968858271588
6	0.9134832658650844
7	0.9204579002023028
8	0.9234911367371956
