step	dice_multi
0	0.49580101619694394
1	0.5831749837505246
2	0.8786449529293432
3	0.8702487182812073
4	0.9186402465866825
5	0.9191666775185252
6	0.9215713405965811
7	0.9229066186662318
8	0.9232316449465168
