step	dice_multi
0	0.49521015671249274
1	0.49521015671249274
2	0.5791473716236221
3	0.668489115244866
4	0.7861651909781746
5	0.8352260254906825
6	0.8608863200636977
7	0.8530650592293837
8	0.8612172001563547
