step	dice_multi
0	0.49587215026887826
1	0.49587215026887826
2	0.5369486997893218
3	0.8467097716010992
4	0.8406588028571131
5	0.9074527532140286
6	0.8904876336209393
7	0.9104184024534123
8	0.9123396154458706
