step	dice_multi
0	0.49593979212482836
1	0.49593979212482836
2	0.5183563077506221
3	0.8802578998835692
4	0.8816566047464236
5	0.8908169108293598
6	0.8913748416622891
7	0.890804399460523
8	0.8908121221001531
