step	dice_multi
0	0.49555762768521616
1	0.49555762768521616
2	0.8553867166953408
3	0.876484621306048
4	0.8816938186599352
5	0.8889841011833293
6	0.889899570331625
7	0.8891085212471711
8	0.8907653941539179
9	0.8909743953796881
10	0.8920524064538324
