step	dice_multi
0	0.49580101619694394
1	0.49580101619694394
2	0.8766646097625987
3	0.8935990696304819
4	0.9112221604211124
5	0.9161495074366612
6	0.9183029306535366
7	0.9190259690478382
8	0.9193921716400599
