step	dice_multi
0	0.49580101619694394
1	0.5832050783331209
2	0.8786186573466941
3	0.8702102817214017
4	0.9186130608870982
5	0.9191513100385282
6	0.921828675816345
7	0.9230227047424922
8	0.9233248822864546
