step	dice_multi
0	0.4955581207366218
1	0.8265800516212864
2	0.8228641420996998
3	0.8737454510605818
4	0.885323164352634
5	0.8884673685475608
6	0.8949885490930201
7	0.899524240962324
8	0.9003102742958764
