step	dice_multi
0	0.49521015671249274
1	0.5447079700784916
2	0.8522324393482416
3	0.8664342470780169
4	0.8664997965691277
5	0.8873824511127817
6	0.8840410072491015
