step	dice_multi
0	0.4950312391301476
1	0.6703627374760338
2	0.860494240255998
3	0.8622167218976439
4	0.8809148476213762
5	0.9013614385561903
6	0.9079383658567174
7	0.9144389917905491
8	0.9153476279927926
