step	dice_multi
0	0.49521015671249274
1	0.695823389259687
2	0.8053849762197096
3	0.8572719566461817
4	0.877797038966851
5	0.885420553061906
6	0.8826425719810653
7	0.8984841242142673
8	0.8974618881814
