step	dice_multi
0	0.49570402159861404
1	0.5167144932062843
2	0.5268345852273166
3	0.8533299096147957
4	0.8779191101458965
5	0.8846160917515375
6	0.878768560910042
7	0.8944790633581118
8	0.8940565549993984
