step	dice_multi
0	0.49576533505047865
1	0.49576533505047865
2	0.8383308089161967
3	0.7395359957670904
4	0.8574246684400963
5	0.7349012867540317
6	0.8685982788289242
7	0.8909078118364433
8	0.895244984648013
