step	dice_multi
0	0.4960019687423096
1	0.5154816475179606
2	0.7513219237568614
3	0.8072821156406563
4	0.8266188794715911
5	0.8422372265027732
6	0.9232779406132612
7	0.9413436854651585
8	0.9257438592904588
9	0.9416958565201403
10	0.9417342971786655
