step	dice_multi
0	0.49578827046513674
1	0.49578827046513674
2	0.6309260396739576
3	0.8697444797395626
4	0.854072794337848
5	0.885775445945542
6	0.8864870692652262
7	0.8956662728812296
8	0.8957114065750903
