step	dice_multi
0	0.49565079728053896
1	0.8181133597898249
2	0.8862745542567272
