step	dice_multi
0	0.4953078965955022
1	0.4953078965955022
2	0.8071434242222415
3	0.8355638508827863
4	0.8977508316653909
5	0.9056612938247361
6	0.918198325008149
7	0.9133627554716146
8	0.9193075712551679
