step	dice_multi
0	0.49570402159861404
1	0.49570402159861404
2	0.844708826677272
3	0.8799388397036703
4	0.9030938455945742
5	0.9032215845864269
6	0.9122228093396229
7	0.9096163323986105
8	0.9116450780911649
