step	dice_multi
0	0.49628168607710493
1	0.49628168607710493
2	0.8641463766035369
3	0.8298515577635178
4	0.8833168210706335
5	0.8806687190647742
6	0.89018062353996
7	0.8921475611769337
8	0.893163909763637
