step	dice_multi
0	0.49576533505047865
1	0.49576533505047865
2	0.7587800736320681
3	0.8172226817456145
4	0.8518404580553156
5	0.8862175663579643
6	0.8966810290165173
7	0.8906957645139774
8	0.8909084258530707
