step	dice_multi
0	0.49544500182023954
1	0.49544500182023954
2	0.8398743087232989
3	0.8786257808739117
4	0.8876895821663237
5	0.8979653265214137
6	0.9100764324903006
7	0.9081058031649565
8	0.9074632211334721
