step	dice_multi
0	0.49552711825452594
1	0.49552711825452594
2	0.8426753484519944
3	0.8602887098812917
4	0.8636693283441634
5	0.8615672128028637
6	0.8706067646150142
7	0.8703829806041967
8	0.8704074904724854
