step	dice_multi
0	0.49555762768521616
1	0.49555762768521616
2	0.8553206431454561
3	0.8764917143795994
4	0.8816073726001104
5	0.8889306953176226
6	0.8897331352551668
7	0.8887697144071074
8	0.8904406231060563
9	0.8906324877129986
10	0.8919321307000554
