step	dice_multi
0	0.4959920396879766
1	0.4959920396879766
2	0.7977353519877328
3	0.7751605399491976
4	0.8753507537934302
5	0.8679342406910477
6	0.9037354913404041
7	0.9055441198317417
8	0.9054001407189967
