step	dice_multi
0	0.4967217263308348
1	0.6424939029159373
2	0.8099009822332564
3	0.8407748430427815
4	0.8546107902739712
5	0.8625715823622848
6	0.8737562033752531
7	0.8758903470980646
8	0.8744863797885785
