step	dice_multi
0	0.49555762768521616
1	0.7052595106306287
2	0.8561285039196542
3	0.897873807995865
4	0.901880840658565
5	0.9136577771206129
6	0.9093753584643214
7	0.9338971464802375
8	0.9182531922312533
9	0.928933038599726
10	0.9293399294778234
