step	dice_multi
0	0.49580101619694394
1	0.49580101619694394
2	0.8628915408297992
3	0.8886387383242099
4	0.9123454282167713
5	0.907926406377944
6	0.9154176309138178
7	0.9208201609788581
8	0.9228546970121434
9	0.9198886538370425
10	0.9211343784454997
