step	dice_multi
0	0.5140547948371416
1	0.7078728554435416
2	0.8114540369103906
3	0.8466954496541698
4	0.8674682081480202
5	0.8709374760437978
6	0.8715067115248349
7	0.8752536663409307
8	0.8762000650373944
