step	dice_multi
0	0.49521015671249274
1	0.5381411401966721
2	0.8526630928178149
3	0.8733459678104425
4	0.8751686658701119
5	0.8815798578788135
6	0.878142068254766
7	0.9055472230178766
8	0.9040072194829738
