step	dice_multi
0	0.49544896029760627
1	0.8968544143886528
2	0.9157041342416552
3	0.9200853761713494
4	0.9310341204522838
5	0.9384318194902554
6	0.9193655028614705
7	0.9325786583349451
8	0.9429474199552715
9	0.9537080213678553
10	0.9477275396604568
11	0.9568257369566504
12	0.9607732583830968
13	0.9619308772765525
14	0.9618061046195989
15	0.9622793239948508
16	0.966188326161918
17	0.9678611370527943
18	0.9674294721228431
19	0.9682564680895331
20	0.9684555043262726
