step	dice_multi
0	0.49552711825452594
1	0.49552711825452594
2	0.8425657777542819
3	0.8600725593421007
4	0.8637654670609933
5	0.8615303291985369
6	0.8706448057670291
7	0.8702791926108162
8	0.870310183500749
