step	dice_multi
0	0.49565079728053896
1	0.5902140760474341
2	0.7911978338253058
3	0.9040797180974308
