step	dice_multi
0	0.4956754916904681
1	0.5158168939598867
2	0.8582536649173758
3	0.8669178536832427
4	0.885633926033442
5	0.8722429543958667
6	0.8908346622736937
7	0.8930175590386615
8	0.8935387031831683
