step	dice_multi
0	0.49521015671249274
1	0.4954409203914882
2	0.8565006854801351
3	0.8851867744230941
4	0.8775101227353721
5	0.8817276599773985
6	0.8991612694357678
7	0.9122269597948413
8	0.9139846787885786
9	0.9239279380370605
10	0.923414988636168
11	0.9239487081478115
12	0.9238232376878035
