step	dice_multi
0	0.49567674553899854
1	0.6127195270895894
2	0.8859016847539316
3	0.8787670544632195
4	0.8488078972960003
5	0.8939773988257265
6	0.9154618095941733
7	0.914134669263694
8	0.9131526425001202
