step	dice_multi
0	0.4958606354974545
1	0.49592283231065
2	0.8757626823347098
3	0.8910356018061759
4	0.8680792546205927
5	0.8996847507247635
6	0.9078615384189582
7	0.90937782874118
8	0.907930965186413
