step	dice_multi
0	0.49586584320534516
1	0.49586584320534516
2	0.8447301191694103
3	0.8642264229422093
4	0.8745833361182084
5	0.8882574957432371
6	0.8794158684046307
7	0.8903446664455691
8	0.890823607730554
