step	dice_multi
0	0.49590347017228087
1	0.49590347017228087
2	0.813774880539236
3	0.8576260120073717
4	0.8583930823874086
5	0.8735302983108477
6	0.860662717626291
7	0.8792450139317641
8	0.8795340808801984
