step	dice_multi
0	0.49570402159861404
1	0.5163447824684391
2	0.8761909342053937
3	0.8189476217314102
4	0.9073377116487111
5	0.8933390164016268
6	0.9021281664175649
7	0.9124570713423917
8	0.9117099244632191
