step	dice_multi
0	0.49570402159861404
1	0.6035589158662495
2	0.7855927902933503
3	0.8901895291950184
4	0.8897860714954875
5	0.9112728406884147
6	0.9157199705371171
7	0.916420361213347
8	0.9171843251767176
