step	dice_multi
0	0.4956832137061877
1	0.8581100760731606
2	0.8896359309855166
3	0.8337797529728419
4	0.9188568516024169
5	0.917135610050485
6	0.9251638185349531
7	0.9319048642260273
8	0.9361146106659952
