step	dice_multi
0	0.49570402159861404
1	0.496089337131166
2	0.8497664585860242
3	0.8310896573651074
4	0.8865276627626316
5	0.8991190601046511
6	0.8973310008989839
7	0.9019094928449104
8	0.9025955509010362
