step	dice_multi
0	0.49570402159861404
1	0.49570402159861404
2	0.5325058458691383
3	0.7382280472026647
4	0.8836735979088987
5	0.8727277109092201
6	0.8959613551279431
7	0.9004228429619929
8	0.9038876142043122
