step	dice_multi
0	0.49570402159861404
1	0.5149868055172203
2	0.8737073287883388
3	0.8242287712677063
4	0.907149469037211
5	0.8963927834712198
6	0.9056456481348117
7	0.911157651059012
8	0.9113878722000102
