step	dice_multi
0	0.4957444867388248
1	0.4957444867388248
2	0.7890770011395309
3	0.8145704458929829
4	0.8542527128582549
5	0.8715011147874203
6	0.880362572559495
7	0.8867567883806139
8	0.8869727157583265
