step	dice_multi
0	0.41910859073250056
1	0.5015966523287644
2	0.49556409114337746
3	0.49546164920357527
4	0.49551870754123956
5	0.4968738824947539
6	0.49738216399037904
7	0.49772157013197693
8	0.49789100410875836
