step	dice_multi
0	0.49555762768521616
1	0.49555762768521616
2	0.8552948185064015
3	0.8767044096350658
4	0.8817446136258995
5	0.888916076735525
6	0.8896460536900925
7	0.8886753691536367
8	0.8906635747502127
9	0.8907418442171748
10	0.8929204604304993
