step	dice_multi
0	0.49547700081676466
1	0.5264601203285763
2	0.8819626408765231
3	0.8896291445107678
4	0.8647048843027938
5	0.8946587690135862
6	0.9040772302280735
7	0.8966573303496539
8	0.8985112602955903
