step	dice_multi
0	0.49557898209107026
1	0.49557898209107026
2	0.8907124329280707
3	0.8839434340035641
4	0.879783987571792
5	0.9188378833135706
6	0.9189285131710914
7	0.919202602578445
8	0.9228701378512001
