step	dice_multi
0	0.4957345949122918
1	0.4957345949122918
2	0.4957345949122918
3	0.8270726176629642
4	0.8580723246815151
5	0.8576692807622756
6	0.8590503659785702
7	0.8668929045004177
8	0.868747905488937
