step	dice_multi
0	0.49555762768521616
1	0.49555762768521616
2	0.877935424545885
3	0.8822195425221155
4	0.8855136897121376
5	0.88844869069185
