step	dice_multi
0	0.49580101619694394
1	0.5832050783331209
2	0.878630914227138
3	0.8703230928029055
4	0.9186383229036748
5	0.9191589912971024
6	0.9216196038085689
7	0.9229494765393703
8	0.9233358205835894
