step	dice_multi
0	0.49570402159861404
1	0.4958324928301785
2	0.8019864535607804
3	0.8662135369147316
4	0.8881591038305108
5	0.9073978921298808
6	0.9030785235096626
7	0.9026708738228237
8	0.9042147218568196
