step	dice_multi
0	0.49570402159861404
1	0.5168376686524602
2	0.5493536748719293
3	0.8597220729404063
4	0.8684569025361042
5	0.8932671114340722
6	0.8793774712397872
7	0.8975245129590597
8	0.8962824676898752
