step	dice_multi
0	0.4957714229438775
1	0.51071196861692
2	0.8133357390210738
3	0.8401828230473538
4	0.8262405071814043
5	0.8467253489950388
6	0.8493989398803098
7	0.8525064429270253
8	0.8510790123956143
