step	dice_multi
0	0.49580101619694394
1	0.4961951156354691
2	0.8349846483268908
3	0.8889560553781508
4	0.8981627818104924
5	0.9013754762213613
