step	dice_multi
0	0.49570402159861404
1	0.5167144932062843
2	0.5349725217834889
3	0.8518981562126278
4	0.8684912208555224
5	0.8947402533343165
6	0.8999505219295751
7	0.8937788841807959
8	0.8918098379655492
