step	dice_multi
0	0.4962036454465033
1	0.4962036454465033
2	0.784366439756001
3	0.8107516241908147
4	0.8407164011852271
5	0.8562414267795948
6	0.8679879328687794
7	0.8738683858315079
8	0.8746290559174152
