step	dice_multi
0	0.4964015509117974
1	0.4964015509117974
2	0.7928584295399197
3	0.8246370663650076
4	0.841735619849169
5	0.849472578930847
6	0.8416901683601193
7	0.8556684281988785
8	0.8538836939634642
