step	dice_multi
0	0.4957394982368821
1	0.4957394982368821
2	0.7915191815278865
3	0.8557054408085696
4	0.8749623693124902
5	0.8804779198257957
6	0.878108009000601
7	0.8884727365254366
8	0.890592999547831
