step	dice_multi
0	0.49555762768521616
1	0.49555762768521616
2	0.8552431799377184
3	0.8766942358914207
4	0.881507007182882
5	0.8887533365870017
6	0.8897809800319476
7	0.8887353739321819
8	0.8903629730303317
9	0.8907701083552623
10	0.8922831041469524
