step	dice_multi
0	0.4959297162368202
1	0.4959297162368202
2	0.8023940353074749
3	0.859194563529166
4	0.8038626618267849
5	0.8444909629508515
6	0.8598222582802243
7	0.8734553790203543
8	0.8818070581494509
