step	dice_multi
0	0.49567200519112026
1	0.4986922280672075
2	0.9238031528706233
3	0.920224423758357
4	0.9279340746259687
5	0.9290217553706099
6	0.9345971755026508
7	0.9428381201934861
8	0.9414684783774394
