step	dice_multi
0	0.49567200519112026
1	0.7602164373478038
2	0.8603686734609616
3	0.8159510482603471
4	0.9200699568209758
5	0.9138056086000299
6	0.9248712391826315
7	0.9242954058384021
8	0.9253111820694203
