step	dice_multi
0	0.49580101619694394
1	0.5832570631042169
2	0.8785988237939728
3	0.8702179275757066
4	0.9186374005488981
5	0.9192173032656759
6	0.9215927983695698
7	0.9229088436046633
8	0.9232214188155057
