step	dice_multi
0	0.4952009453685095
1	0.496323968755379
2	0.7551213321014546
3	0.7651045295614818
4	0.8466139771167143
5	0.8653292110037658
6	0.8758571638868058
7	0.8777530597301161
8	0.8787296988007685
