step	dice_multi
0	0.49627757614328294
1	0.5021115973037719
2	0.8131066309961332
3	0.839515317958578
4	0.8483890250241852
5	0.8732624469889224
6	0.8901472794136985
7	0.8929976456177356
8	0.8928624916257704
