step	dice_multi
0	0.49555762768521616
1	0.49555762768521616
2	0.8553206431454561
3	0.8764096414065072
4	0.8817219356518537
5	0.8887412903480538
6	0.8898418006031267
7	0.8885956383024382
8	0.8908365206024764
9	0.8907701083552623
10	0.8924667695111529
