step	dice_multi
0	0.49522361053378
1	0.49522361053378
2	0.8602554539947811
3	0.8738362715461736
4	0.8730502400875833
5	0.8914051336052253
6	0.8768580182318412
7	0.9065945915831539
8	0.903486758653119
