step	dice_multi
0	0.49555762768521616
1	0.49555762768521616
2	0.8553206431454561
3	0.8765190796307222
4	0.8814313818242288
5	0.8888480522877207
6	0.8895692261899844
7	0.8886581651365901
8	0.890303349966757
9	0.890976202900302
10	0.8925906173613132
