step	dice_multi
0	0.49561567786391925
1	0.4960266037414016
2	0.7325271024853574
3	0.8069793351372068
4	0.848580285639758
5	0.8535637698339458
6	0.8556130804299958
7	0.8555499304744645
8	0.8561068883603963
