step	dice_multi
0	0.49570402159861404
1	0.5173300634127738
2	0.56963773033027
3	0.8379593555278144
4	0.8618145776341279
5	0.8897407241678754
6	0.8810055082525243
7	0.899032151064132
8	0.8989015496161206
