step	dice_multi
0	0.4962384135340245
1	0.4962384135340245
2	0.721101260622516
3	0.7720400794359306
4	0.7928800547184041
5	0.8261694271541853
6	0.8373172304892029
7	0.8396473278903857
8	0.8397764643997261
