step	dice_multi
0	0.495471082233181
1	0.495471082233181
2	0.8725911039153007
3	0.895919224280413
4	0.8778494405334225
5	0.9034254341148567
6	0.8914100782759056
7	0.9001493154975866
8	0.9023956215987659
