step	dice_multi
0	0.49552711825452594
1	0.49552711825452594
2	0.8426388288401154
3	0.8602582134399404
4	0.8638433102605878
5	0.8618334023642766
6	0.8705157928751426
7	0.8702940839557471
8	0.870407592388631
