step	dice_multi
0	0.49521015671249274
1	0.49520793491154214
2	0.49521015671249274
3	0.49521015671249274
4	0.6674358188518714
5	0.6693861188269439
6	0.826997724062478
7	0.7991221786928286
8	0.8008860199378567
