step	dice_multi
0	0.49555762768521616
1	0.6316172348789854
2	0.8563525625012648
3	0.8744672900019561
4	0.8946046901762689
5	0.9004583773030523
6	0.9058505638173031
7	0.9177256103268507
8	0.9258589415476959
9	0.9265662691070415
10	0.9268122985958862
