step	dice_multi
0	0.4956012590030889
1	0.4956012590030889
2	0.8944967130537659
3	0.8628328699163098
4	0.9325590735053966
5	0.9461133965249469
6	0.9563695871040637
7	0.9565766929902053
8	0.9592784521634679
9	0.9565669933746697
10	0.9595098209060411
