step	dice_multi
0	0.49580101619694394
1	0.5832297049430584
2	0.8786355941606698
3	0.8703127689852368
4	0.9186562548351602
5	0.9192200781370812
6	0.9217885895363688
7	0.9230503430960251
8	0.923299852714119
