step	dice_multi
0	0.49609731128583323
1	0.49609731128583323
2	0.8439137421301641
3	0.8757566323271402
4	0.8917964011579032
5	0.8970795322692613
6	0.9005958662427196
7	0.9015369523434082
8	0.9062010524348751
