step	dice_multi
0	0.49552711825452594
1	0.49552711825452594
2	0.8425657777542819
3	0.8601708969444006
4	0.8637654670609933
5	0.86166821312581
6	0.8705007935337239
7	0.8702717505397618
8	0.8702877192067483
