step	dice_multi
0	0.49567200519112026
1	0.49862883081872117
2	0.9238212458264367
3	0.9205851742537183
4	0.9286290159543982
5	0.9292373970640968
6	0.9367403725412442
7	0.9418606294070353
8	0.9406771967066144
