step	dice_multi
0	0.4951829383030958
1	0.4951829383030958
2	0.5801159284371062
3	0.8063494980180198
4	0.7952224027394754
5	0.819021445218617
6	0.7988266899496781
7	0.8655780951413283
8	0.8588202393942572
