step	dice_multi
0	0.4961294546461034
1	0.4961294546461034
2	0.6662941537256344
3	0.792900616811402
4	0.8020558017405619
5	0.8384308765302875
6	0.8445670327935273
7	0.8497750550033865
8	0.8495570898880697
