step	dice_multi
0	0.4955260703903472
1	0.5839286304852137
2	0.8929221415766173
3	0.8791943723211214
4	0.8999252853753313
5	0.9227045343778779
6	0.9173873992519452
7	0.9052670038145896
8	0.909727213803327
