step	dice_multi
0	0.49570402159861404
1	0.49570402159861404
2	0.8746262196950438
3	0.8806768415628526
4	0.8822021951730036
5	0.8996906366500095
6	0.9096777290094189
7	0.9087173889969729
8	0.9113167713328821
