step	dice_multi
0	0.0732113349223849
1	0.49521015671249274
2	0.49521015671249274
3	0.4961325788921054
4	0.5027443431461247
5	0.49520737945824844
6	0.740461987873432
7	0.7981133171050605
8	0.8166786834392878
