step	dice_multi
0	0.4952215431354005
1	0.4952215431354005
2	0.8477910276599406
3	0.8099064625500594
4	0.8608958728292111
5	0.7892695080391948
6	0.9091773670210856
7	0.9115060695546717
8	0.9184858319561726
9	0.9192232853516258
10	0.9203399792708873
11	0.91610880106057
12	0.918244010676778
