step	dice_multi
0	0.49552711825452594
1	0.49552711825452594
2	0.7617854158086707
3	0.8400290093929517
4	0.8222688507240825
5	0.8576542458029076
6	0.8725126461904771
7	0.8718409139123022
8	0.8732865995255108
