step	dice_multi
0	0.49578827046513674
1	0.49578827046513674
2	0.6309260396739576
3	0.8700481422405464
4	0.854072794337848
5	0.8854734436000973
6	0.8861781122141525
7	0.8957218369852714
8	0.8953787565024051
