step	dice_multi
0	0.49578827046513674
1	0.49578827046513674
2	0.6309260396739576
3	0.8700481422405464
4	0.854072794337848
5	0.8854255976555645
6	0.8863078375826251
7	0.8956120629607964
8	0.8958235993953099
