step	dice_multi
0	0.4957270265501998
1	0.49572674939459993
2	0.514297732141243
3	0.801561974945358
4	0.8407261806795517
5	0.8450566454059782
6	0.8499613760239684
7	0.8560484385399825
8	0.8565573674046083
