step	dice_multi
0	0.49555762768521616
1	0.49555762768521616
2	0.8552230401425653
3	0.8765332316051805
4	0.8816301167858089
5	0.8889694876410965
6	0.889787478445135
7	0.8886555535666143
8	0.8904526070269756
9	0.8907371425707569
10	0.8925368898978434
