step	dice_multi
0	0.4964065263234159
1	0.4964065263234159
2	0.8477878092434317
3	0.8663748518063235
4	0.876153216835583
5	0.8869914391652608
6	0.8889116026351782
7	0.89504783758527
8	0.8960516309561803
