step	dice_multi
0	0.49552711825452594
1	0.49552711825452594
2	0.8425488131771701
3	0.8601861598622207
4	0.863787210464056
5	0.8616254635022944
6	0.8706903302818835
7	0.8702273107051981
8	0.8703701571030581
