step	dice_multi
0	0.4952215431354005
1	0.4952215431354005
2	0.8477951079067353
3	0.8099570447763642
4	0.8606638737542023
5	0.8147050622001798
6	0.9100857903093686
7	0.9130664694765978
8	0.9223746240762623
9	0.9285269645921767
10	0.9144577571203519
11	0.9196517597844059
12	0.9243517174363038
