step	dice_multi
0	0.49580101619694394
1	0.5746453787498135
2	0.8132813662340665
3	0.8943534983444734
4	0.8697951531777302
5	0.9101047187948021
6	0.9232327696343257
7	0.9264899549816596
8	0.9265608970078182
