step	dice_multi
0	0.49555762768521616
1	0.7052595106306287
2	0.8561285039196542
3	0.8979203132484842
4	0.9017341058867794
5	0.913240998828798
6	0.9109756851477482
7	0.9332122716394053
8	0.9174628800890618
9	0.9281665527052789
10	0.929298736578009
