step	dice_multi
0	0.4956453377408798
1	0.5051797445602821
2	0.8241903818558167
3	0.8667714199515704
4	0.8813136979054204
5	0.8971666931061206
6	0.9033110134337128
7	0.9033747926571386
8	0.9039498270139337
