step	dice_multi
0	0.02782116940977795
1	0.49598041112268665
2	0.5945096392400587
3	0.8218395566710435
4	0.8747196322164497
5	0.8904684919110541
6	0.9000003088828721
7	0.8910272217633856
8	0.8973579465855176
