step	dice_multi
0	0.4950312391301476
1	0.4950312391301476
2	0.4950312391301476
3	0.7858953359715648
4	0.841216932870045
5	0.8911156474568891
6	0.9039312119707004
7	0.9149428068328473
8	0.9142009816220196
