step	dice_multi
0	0.4957394982368821
1	0.607026153030003
2	0.9000795373386703
3	0.7913321088280038
4	0.8511167997005264
5	0.8985120999172433
6	0.908532003301451
7	0.908718651673956
8	0.9090538525012999
