step	dice_multi
0	0.49522361053378
1	0.49522361053378
2	0.7248202456932449
3	0.8368872460528234
4	0.8722988970126685
5	0.8709860690755808
6	0.8669618695456432
7	0.9197010492619003
8	0.9026392126914956
9	0.9171504943375256
10	0.9166471579821549
11	0.9185094352148802
12	0.9212420903941463
