step	dice_multi
0	0.4962478175409314
1	0.4962478175409314
2	0.7575384292989438
3	0.7942456330067611
4	0.6326132738411961
5	0.8617911790982516
6	0.885687671371836
7	0.90109976714933
8	0.8997336177828745
