step	dice_multi
0	0.49609731128583323
1	0.49609731128583323
2	0.5677590249093816
3	0.8237566212516265
4	0.8510689418304458
5	0.8523602116173049
6	0.8629037696287855
7	0.8662127787062234
8	0.8675524245017726
