step	dice_multi
0	0.49570402159861404
1	0.5128807570208841
2	0.8764079040113463
3	0.8243450483858052
4	0.9078110377402158
5	0.8943426516267166
6	0.9027102810107439
7	0.913418916558369
8	0.9121306824482103
