step	dice_multi
0	0.49570402159861404
1	0.6040710373968167
2	0.7816910484177051
3	0.8922623351669934
4	0.8900604811350119
5	0.9112845995460086
6	0.9148409610051247
7	0.9151077097505669
8	0.915940108634665
