step	dice_multi
0	0.49555762768521616
1	0.49555762768521616
2	0.49555762768521616
3	0.7778188248259781
4	0.8625647585816962
5	0.8764305288919089
6	0.878178448850511
7	0.8821619959583717
8	0.8823123210149462
9	0.8823425939238893
10	0.8825802533141733
