step	dice_multi
0	0.4959264356282164
1	0.4959264356282164
2	0.7240977052099259
3	0.5843964601254653
4	0.8503284537084177
5	0.8922588863299187
6	0.8844317462692546
7	0.8956470241025201
8	0.8969033868866968
