step	dice_multi
0	0.49570402159861404
1	0.5147394995291625
2	0.8762686920303387
3	0.8240564641085626
4	0.9077453083208042
5	0.8946737373783497
6	0.9048413543467966
7	0.911875633329594
8	0.9121086196771835
