step	dice_multi
0	0.4961983042685408
1	0.4963432639535751
2	0.5823162044458408
3	0.8436150309666528
4	0.8589685817682586
5	0.8898433288473362
6	0.8924163542009117
7	0.8964903010784213
8	0.8967608684219334
