step	dice_multi
0	0.49580101619694394
1	0.49580101619694394
2	0.8492863717093296
3	0.894367028821718
4	0.9030334962371633
5	0.8764683365658048
6	0.8970031248449473
7	0.9220722777321841
8	0.9210550946377964
9	0.9228376129654048
10	0.9208220572880927
11	0.9190832739148347
12	0.9193949229485816
13	0.9250973796952093
14	0.9245346879221967
15	0.9233465978968542
