step	dice_multi
0	0.49552711825452594
1	0.49552711825452594
2	0.8425657777542819
3	0.8600933237881685
4	0.8638244047780338
5	0.8616992117337787
6	0.8705992918189078
7	0.8702717505397618
8	0.8702278335738798
