step	dice_multi
0	0.49540564488756483
1	0.49540564488756483
2	0.8288373317461488
3	0.8512773370528781
4	0.8656393962365618
5	0.8718783888262515
6	0.8854076437393996
7	0.8870348848957462
8	0.8855744850470798
