step	dice_multi
0	0.49552711825452594
1	0.49552711825452594
2	0.5307969931140012
3	0.6442961847431544
4	0.8358656427018277
5	0.8436357736612554
6	0.8519425251531076
7	0.8627195679129557
8	0.8634529873760248
