step	dice_multi
0	0.49589908135906113
1	0.49589908135906113
2	0.8427518820000868
3	0.8621014669667854
4	0.887881751439532
5	0.895980994314463
6	0.8920303243484419
7	0.8966162875279678
8	0.8960491091125712
