step	dice_multi
0	0.49609731128583323
1	0.49609731128583323
2	0.8695745628132936
3	0.8260587775417076
4	0.8693042407225535
5	0.8833069713605519
6	0.8933758401474393
7	0.8985523572865507
8	0.899875679722639
