step	dice_multi
0	0.49580387927994696
1	0.49580387927994696
2	0.8351678242807116
3	0.8527977797289177
4	0.8582762058144142
5	0.883519594065288
6	0.8892985211308475
7	0.8944795179261193
8	0.8947330611178892
