step	dice_multi
0	0.49570402159861404
1	0.5158514041213278
2	0.8744812067316237
3	0.8223632281104256
4	0.9073137448877426
5	0.8938436249245134
6	0.9032099086889116
7	0.9129103234899647
8	0.9122725633871247
