step	dice_multi
0	0.4962478175409314
1	0.4962478175409314
2	0.8158629482676139
3	0.8755435684961734
4	0.8889895369069122
5	0.8723281046654738
6	0.8860567186515871
7	0.8644869771566626
8	0.8728481883947294
