step	dice_multi
0	0.49570402159861404
1	0.4958324928301785
2	0.7949345922280412
3	0.8719593221068491
4	0.8772803808350673
5	0.9071335306687347
6	0.896226825078764
7	0.9054705838922479
8	0.9043686052993276
