step	dice_multi
0	0.49565079728053896
1	0.5928133075002661
2	0.7911978338253058
3	0.9038623643328287
