step	dice_multi
0	0.4952215431354005
1	0.8518568566023688
2	0.6375186728082649
3	0.8512367203532922
4	0.8689699109191917
5	0.85878381621428
6	0.8835785445102757
7	0.8878562126104106
8	0.8892018881823479
