step	dice_multi
0	0.49607332526810066
1	0.4962043651257919
2	0.7663192969093557
3	0.8686547934128812
4	0.8657688329504429
5	0.8784436267773343
6	0.8844662622545076
7	0.8873260335731473
8	0.8877203928743587
