step	dice_multi
0	0.4951829383030958
1	0.6030765699935705
2	0.53832102072684
3	0.7470503624372622
4	0.8038651044055949
5	0.8505989800427315
6	0.8538548851439798
7	0.8536494748392711
8	0.8591746586374676
