step	dice_multi
0	0.49570402159861404
1	0.517699037430151
2	0.8802281364998941
3	0.8249412922205484
4	0.9080929520991254
5	0.8913835111157777
6	0.9013296929097752
7	0.9157603424633776
8	0.9152284537992773
