step	dice_multi
0	0.49580101619694394
1	0.5830655218805219
2	0.8786262339274189
3	0.8703255775919745
4	0.9186167614311415
5	0.919196573657153
6	0.9215843092476361
7	0.9230119081916515
8	0.9233407553734461
