step	dice_multi
0	0.49580101619694394
1	0.49580101619694394
2	0.8628994372892893
3	0.8881646673488308
4	0.9124687434597673
5	0.9082022933441727
6	0.9153567361849022
7	0.9205750300047899
8	0.9226390879031041
9	0.9200430012461207
10	0.9210801284381372
