step	dice_multi
0	0.4955581207366218
1	0.5742939426653354
2	0.8650230149274459
3	0.885519846532215
4	0.9039858150374653
5	0.9220303463956623
6	0.9288878308685462
7	0.938530902550687
8	0.9283418684913661
9	0.9334867412560479
10	0.9348472079423866
