step	dice_multi
0	0.495819524068894
1	0.495819524068894
2	0.8577524630893363
3	0.8524053939199974
4	0.8920875656602342
5	0.9174986327644894
6	0.9063140425409
7	0.9142790862380801
8	0.9095786888669954
