step	dice_multi
0	0.49588557356116375
1	0.49588557356116375
2	0.7085750721504661
3	0.8335944121308492
4	0.8766646435368559
5	0.8850641453747486
6	0.8855853192733439
7	0.9044610662518002
8	0.9057216715097549
