step	dice_multi
0	0.49555762768521616
1	0.49555762768521616
2	0.49555762768521616
3	0.7777839846048653
4	0.8625905919462029
5	0.8764563202200522
6	0.878178448850511
7	0.8822387035737733
8	0.8824751722979949
9	0.882169673117926
10	0.8825325639901439
