step	dice_multi
0	0.49580101619694394
1	0.5424283688136347
2	0.7372173425565237
3	0.8773234931110785
4	0.8756535985592131
5	0.8949174100704654
6	0.9205235214700691
7	0.9322557508846145
8	0.9313532219868352
9	0.9378870836396438
10	0.9384174508942971
11	0.9383836143284465
12	0.938030332282483
