step	dice_multi
0	0.4948775021347182
1	0.4948775021347182
2	0.4948775021347182
3	0.8943723655392914
4	0.9095579773812599
5	0.9179709065358702
6	0.9096596381924458
7	0.9203118183190655
8	0.9165740637857673
9	0.9260110923902162
10	0.9271737936808317
11	0.9235592267236716
12	0.9282009443247432
13	0.9224636153795296
14	0.9286689566460675
15	0.9290884780981359
16	0.9292332969671977
