step	dice_multi
0	0.49565079728053896
1	0.818640378554629
2	0.8862280377356029
