step	dice_multi
0	0.4956635499634461
1	0.5544804136552447
2	0.8604113226236743
3	0.8864385714132961
4	0.8825665913384338
5	0.8800643585741401
6	0.9014439805503324
7	0.8939855924907965
8	0.8923946870030989
