step	dice_multi
0	0.49555762768521616
1	0.49555762768521616
2	0.49555762768521616
3	0.7777382221866986
4	0.8625905919462029
5	0.8764047409274343
6	0.878194857785884
7	0.8823060149749886
8	0.882422451285358
9	0.8823843130998029
10	0.8825279558615856
