step	dice_multi
0	0.49609731128583323
1	0.49609731128583323
2	0.8199707184330912
3	0.8046789498588074
4	0.8388091020610091
5	0.902489783265577
6	0.90860121349087
7	0.8958030196808835
8	0.9010281299776459
