step	dice_multi
0	0.4951829383030958
1	0.537560564091425
2	0.7536322653804024
3	0.8219304235730985
4	0.8775129865914915
5	0.8784281021484359
6	0.8897117402974204
7	0.8898828468354396
8	0.8938242542709842
