step	dice_multi
0	0.49521015671249274
1	0.6005475309748547
2	0.8597574108140922
3	0.7950493407601349
