step	dice_multi
0	0.4951829383030958
1	0.4951829383030958
2	0.4951829383030958
3	0.8159741687285231
4	0.819977115334588
5	0.8383957139821174
6	0.8523529594321727
7	0.8686285310556228
8	0.8672009807221752
