step	dice_multi
0	0.49555762768521616
1	0.49555762768521616
2	0.8552431799377184
3	0.876684066226709
4	0.8816668584979743
5	0.888916076735525
6	0.8897690121496473
7	0.8886143421728867
8	0.8905164010247983
9	0.8913120223098573
10	0.8926180996929736
