step	dice_multi
0	0.4951827246461999
1	0.4951827246461999
2	0.6975907975862808
3	0.8871363801874457
4	0.8845063110100579
5	0.8970306627316931
6	0.8825299096015702
7	0.9086113580957089
8	0.9093033236933532
