step	dice_multi
0	0.49555762768521616
1	0.49555762768521616
2	0.49555762768521616
3	0.7777611016214472
4	0.8625647585816962
5	0.8763207441654239
6	0.8782050313199772
7	0.8823580105106701
8	0.8823278604622886
9	0.8822174033661181
10	0.8824710441141155
