step	dice_multi
0	0.4951829383030958
1	0.6829991417852892
2	0.7118959961793933
3	0.8578578857925993
4	0.8706421443003312
5	0.8722369182732561
6	0.8786535207408841
7	0.882115347020489
8	0.8833172129734558
