step	dice_multi
0	0.49570402159861404
1	0.604991392693107
2	0.7842437035785164
3	0.8903199509270597
4	0.8943317083424227
5	0.9114264523493663
6	0.9156681041986878
7	0.9158087645422893
8	0.9162675295427379
