step	dice_multi
0	0.49546190815419455
1	0.49563228713419555
2	0.8297625827872942
3	0.8930072281803871
4	0.8968670889762435
5	0.9067268260016508
6	0.9113031315604805
7	0.9124410314024609
8	0.9135811575962693
