step	dice_multi
0	0.49580101619694394
1	0.49580101619694394
2	0.8659612093717268
3	0.8499822995794779
4	0.9098539408796174
5	0.9152597460807506
6	0.9105055214347318
7	0.9194292659035492
8	0.91439768847867
9	0.9170633238402575
