step	dice_multi
0	0.4959854800504507
1	0.4961777771307467
2	0.8318921678862543
3	0.8850942073969681
4	0.8978153873402226
5	0.8957236458273672
6	0.9056853589769608
7	0.9025545966983659
8	0.9028248236590616
