step	dice_multi
0	0.495471082233181
1	0.495471082233181
2	0.8364317117758254
3	0.893424989116584
4	0.8718171350977337
5	0.8981302844451997
6	0.8966709166308702
7	0.9071355599052173
8	0.90750576309347
9	0.9096336588717661
10	0.9097243364033403
