step	dice_multi
0	0.49555762768521616
1	0.49555762768521616
2	0.8552230401425653
3	0.8765190796307222
4	0.8816398254309887
5	0.8889453099867799
6	0.8896907172288697
7	0.8887886048853078
8	0.890530303473021
9	0.8905816564594895
10	0.8924004932519918
