step	dice_multi
0	0.4951829383030958
1	0.5369883377646895
2	0.8121544339458742
3	0.7275902205905924
4	0.8841593932988232
5	0.8899802713544147
6	0.8820946034985588
7	0.8767644779172103
8	0.8791266530680524
