step	dice_multi
0	0.49580101619694394
1	0.5831749837505246
2	0.8785876720708041
3	0.8702359066061163
4	0.9186748871476847
5	0.9191984986718444
6	0.9215569289190728
7	0.9228987508794053
8	0.9232771144448868
