step	dice_multi
0	0.49552711825452594
1	0.49552711825452594
2	0.5473012570921814
3	0.5991759592886854
4	0.769398755093889
5	0.8107525992367915
6	0.8502717908198991
7	0.8688993267575478
8	0.8721489300391255
