step	dice_multi
0	0.49570402159861404
1	0.5168376686524602
2	0.53211582015646
3	0.8573906830115489
4	0.8724024011423183
5	0.8827613070371836
6	0.8876985895513501
7	0.8947466958240997
8	0.8950295779751606
