step	dice_multi
0	0.4957888246407889
1	0.4957888246407889
2	0.8313716151198371
3	0.847236463650334
4	0.8570475942166776
5	0.8657867334845728
6	0.8589764345521235
7	0.8598690888654229
8	0.8652530339582589
