step	loss
0	0.21150285005569458
1	0.06816864013671875
2	0.03211682289838791
3	0.029474960640072823
4	0.022476134821772575
5	0.02154790610074997
6	0.020089613273739815
7	0.019612519070506096
8	0.019386837258934975
