step	loss
0	0.07866115868091583
1	0.04598007723689079
2	0.021323174238204956
3	0.019191903993487358
4	0.015057900920510292
5	0.015858959406614304
6	0.014661512337625027
7	0.014139274135231972
8	0.01396736316382885
