step	loss
0	0.09114564210176468
1	0.063581183552742
2	0.03981240466237068
3	0.03099050000309944
4	0.029771974310278893
5	0.025653092190623283
6	0.029161425307393074
7	0.025329558178782463
8	0.02525826171040535
