step	loss
0	0.20690728724002838
1	0.07605190575122833
2	0.039440564811229706
3	0.026531660929322243
4	0.025180932134389877
5	0.022387195378541946
6	0.0213935449719429
7	0.0218330230563879
8	0.021791033446788788
