step	loss
0	0.11591555923223495
1	0.05983243137598038
2	0.046847011893987656
3	0.026149636134505272
4	0.025221843272447586
5	0.022157801315188408
6	0.020519686862826347
7	0.02088993974030018
8	0.020534532144665718
