step	loss
0	0.3471648395061493
1	0.09111814945936203
2	0.07899666577577591
3	0.04743844270706177
4	0.04047707840800285
5	0.03759791702032089
6	0.036249786615371704
7	0.035732101649045944
8	0.035681720823049545
