step	loss
0	0.19920895993709564
1	0.06490891426801682
2	0.07421750575304031
3	0.031499095261096954
4	0.03538059815764427
5	0.029599247500300407
6	0.024964626878499985
7	0.02399936504662037
8	0.02389080636203289
