step	loss
0	0.1319819837808609
1	0.06665448844432831
2	0.03340182080864906
3	0.024333899840712547
4	0.024342741817235947
5	0.020684078335762024
6	0.0229348111897707
7	0.020251911133527756
8	0.01982652209699154
