step	loss
0	0.09191815555095673
1	0.061638619750738144
2	0.03174404799938202
3	0.02393007092177868
4	0.025005817413330078
5	0.02055675908923149
6	0.0191014613956213
7	0.01961648277938366
8	0.01943935640156269
