step	loss
0	0.17401659488677979
1	0.0751088485121727
2	0.04111436381936073
3	0.026504963636398315
4	0.023311790078878403
5	0.022729650139808655
6	0.02126632072031498
7	0.021301614120602608
8	0.02129467949271202
