step	loss
0	0.22578571736812592
1	0.0846259817481041
2	0.03473162278532982
3	0.03325865790247917
4	0.025494521483778954
5	0.04273166507482529
6	0.016956578940153122
7	0.01636986806988716
8	0.014391404576599598
9	0.01332834828644991
10	0.015353876166045666
11	0.014886359684169292
12	0.014086688868701458
