step	loss
0	0.2823326885700226
1	0.08393853902816772
2	0.058966536074876785
3	0.039006125181913376
4	0.03116113319993019
5	0.02906683273613453
6	0.02793302945792675
7	0.028176050633192062
8	0.02783510461449623
