step	eval/loss
0	0.11192699521780014
1	0.07454115152359009
2	0.028413597494363785
3	0.021977605298161507
4	0.027460942044854164
5	0.02209954522550106
6	0.02082463726401329
7	0.019633885473012924
8	0.01920209638774395
