step	loss
0	0.08453821390867233
1	0.05668149143457413
2	0.039267394691705704
3	0.02620350942015648
4	0.023696910589933395
5	0.023488717153668404
