step	loss
0	0.09276388585567474
1	0.03790678083896637
2	0.026721196249127388
3	0.020289532840251923
4	0.031784482300281525
5	0.020714296028017998
6	0.016330385580658913
7	0.014810780063271523
8	0.014794692397117615
