step	eval/loss
0	0.09697406738996506
1	0.08097665756940842
2	0.0397433266043663
3	0.028116170316934586
4	0.024941932410001755
5	0.022590648382902145
6	0.02213318832218647
7	0.02260400541126728
8	0.02222263254225254
