step	loss
0	0.10659027099609375
1	0.049978915601968765
2	0.032849229872226715
3	0.026799902319908142
4	0.026125917211174965
5	0.02264253981411457
6	0.021911537274718285
7	0.021922824904322624
8	0.02184039168059826
