step	eval/loss
0	0.08871833980083466
1	0.03192901238799095
2	0.02915063314139843
