step	loss
0	0.2680555284023285
1	0.05862598866224289
2	0.04366343840956688
3	0.02532242052257061
4	0.022107357159256935
5	0.022416802123188972
6	0.015170118771493435
7	0.012712418101727962
8	0.012832826003432274
9	0.011388014070689678
10	0.010535531677305698
11	0.01050892286002636
12	0.010560448281466961
