step	loss
0	0.08453907072544098
1	0.06390673667192459
2	0.0368691124022007
3	0.02928941138088703
4	0.021464228630065918
5	0.021137861534953117
6	0.01955483853816986
7	0.01830528862774372
8	0.01862901821732521
9	0.01813807524740696
10	0.017908217385411263
