step	loss
0	0.08636175841093063
1	0.046053167432546616
2	0.025519434362649918
3	0.025886571034789085
4	0.018818790093064308
5	0.015297753736376762
6	0.019395088776946068
7	0.012103668414056301
8	0.020814763382077217
9	0.016780389472842216
10	0.01587550714612007
