step	loss
0	0.08566872030496597
1	0.0552838034927845
2	0.025090117007493973
3	0.029330207034945488
4	0.01917765848338604
5	0.01781562902033329
6	0.015382356010377407
7	0.013600935228168964
8	0.011774719692766666
9	0.011531484313309193
10	0.011566712521016598
