step	loss
0	0.09028355032205582
1	0.056327372789382935
2	0.03478788956999779
3	0.042973753064870834
