step	eval/loss
0	0.35972028970718384
1	0.10096890479326248
2	0.038181982934474945
3	0.027329551056027412
4	0.019950393587350845
5	0.019304314628243446
6	0.01739940233528614
7	0.017497370019555092
8	0.017360839992761612
