step	loss
0	2.3535940647125244
1	0.0825757086277008
2	0.06636664271354675
3	0.02836763486266136
4	0.022549789398908615
5	0.02038525603711605
6	0.01853008195757866
7	0.019785743206739426
8	0.0185030959546566
