step	eval/loss
0	0.08871833980083466
1	0.07954519987106323
2	0.03161094710230827
3	0.024506909772753716
