step	loss
0	0.24108292162418365
1	0.08764303475618362
2	0.050911445170640945
3	0.0377805121243
4	0.02878946252167225
5	0.023584473878145218
6	0.022691141813993454
7	0.022079208865761757
8	0.02181170880794525
