step	loss
0	0.0926591008901596
1	0.05526583641767502
2	0.030772950500249863
3	0.039393793791532516
4	0.02855183184146881
5	0.027068842202425003
6	0.025924447923898697
7	0.022735094651579857
8	0.022797705605626106
