step	loss
0	0.11142313480377197
1	0.06572539359331131
2	0.03462454676628113
3	0.03609244152903557
4	0.028807668015360832
5	0.022351650521159172
6	0.022362034767866135
7	0.023075247183442116
8	0.022485999390482903
