step	loss
0	0.5705079436302185
1	0.10676928609609604
2	0.08440110832452774
3	0.038705673068761826
4	0.03119855932891369
5	0.0260892603546381
6	0.0235204566270113
7	0.024332856759428978
8	0.024253474548459053
