step	loss
0	0.1637020856142044
1	0.06848640739917755
2	0.03608524054288864
3	0.02716551348567009
4	0.023608921095728874
5	0.023711472749710083
6	0.021282514557242393
7	0.02079758420586586
8	0.02053138054907322
9	0.020021362230181694
10	0.019824428483843803
