step	loss
0	0.3181307911872864
1	0.11199434101581573
2	0.08732370287179947
3	0.050865236669778824
4	0.03318137302994728
5	0.029381366446614265
6	0.027050109580159187
7	0.02559099905192852
8	0.025253480300307274
9	0.025098541751503944
10	0.025029918178915977
