step	eval/loss
0	0.1344425082206726
1	0.06989239156246185
2	0.03378323093056679
3	0.023837985470891
4	0.01984511688351631
5	0.02185373194515705
6	0.017313512042164803
7	0.016774436458945274
8	0.016912980005145073
