step	eval/loss
0	0.21838636696338654
1	0.07406056672334671
2	0.03168129548430443
3	0.02510356903076172
4	0.024074310436844826
5	0.02182573638856411
6	0.02122514508664608
7	0.0206786897033453
8	0.020850764587521553
