step	loss
0	0.08653456717729568
1	0.09380795806646347
2	0.03455036133527756
3	0.03207935020327568
4	0.025287022814154625
5	0.023282691836357117
6	0.025590768083930016
7	0.020854050293564796
8	0.02122374251484871
