step	eval/loss
0	0.09004827588796616
1	0.0780555009841919
2	0.13314881920814514
3	0.035075291991233826
4	0.03969728201627731
5	0.03127528354525566
6	0.03487609326839447
7	0.031952664256095886
8	0.03206763043999672
