step	loss
0	0.1544153094291687
1	0.06875411421060562
2	0.0403585210442543
3	0.034608375281095505
4	0.03570697456598282
5	0.03536401689052582
6	0.03115631453692913
7	0.03015114925801754
8	0.03034435398876667
