step	loss
0	0.2814081013202667
1	0.05325629189610481
2	0.035198841243982315
3	0.027517452836036682
4	0.023389186710119247
5	0.019387971609830856
6	0.018560567870736122
7	0.017928408458828926
8	0.01768292859196663
