step	eval/loss
0	0.14441664516925812
1	0.05898403376340866
2	0.049948908388614655
3	0.047355424612760544
4	0.025558510795235634
5	0.020071174949407578
6	0.017410336062312126
7	0.01679694838821888
8	0.016742641106247902
