step	eval/loss
0	0.0926128625869751
1	0.055436260998249054
2	0.030838236212730408
3	0.039200134575366974
4	0.02885216660797596
5	0.026959136128425598
6	0.025941118597984314
7	0.022945577278733253
8	0.022857999429106712
