step	loss
0	0.6468819975852966
1	0.09507602453231812
2	0.06143706664443016
3	0.07356315106153488
4	0.04496880993247032
5	0.03728042542934418
6	0.035053711384534836
7	0.03373312950134277
8	0.0334971658885479
