step	loss
0	0.13116717338562012
1	0.06060310825705528
2	0.040574390441179276
3	0.024958685040473938
4	0.020909583196043968
5	0.025062929838895798
6	0.020350994542241096
7	0.02288992702960968
8	0.021420806646347046
