step	loss
0	0.1283433437347412
1	0.05753128603100777
2	0.037827957421541214
3	0.03187764808535576
4	0.02820603922009468
5	0.030380766838788986
6	0.026957523077726364
7	0.025837883353233337
8	0.025935517624020576
