step	loss
0	0.09894271939992905
1	0.06385818123817444
2	0.03313366323709488
3	0.02413773164153099
4	0.02328307554125786
5	0.02093191258609295
6	0.019985252991318703
7	0.01871492899954319
8	0.018668530508875847
