step	loss
0	0.3288545310497284
1	0.0969720259308815
2	0.03039826825261116
3	0.028538167476654053
4	0.025319483131170273
5	0.017857294529676437
6	0.015487216413021088
7	0.016487006098031998
8	0.015825171023607254
