step	loss
0	0.11373817920684814
1	0.05243708938360214
2	0.06805890053510666
3	0.04171270877122879
4	0.03648634999990463
5	0.027492495253682137
6	0.025778312236070633
7	0.02507440373301506
8	0.02474961243569851
