step	loss
0	0.23619414865970612
1	0.04582696780562401
2	0.049713682383298874
3	0.04763142392039299
4	0.022260263562202454
5	0.020492613315582275
6	0.019263386726379395
7	0.019246431067585945
8	0.018873529508709908
