step	eval/loss
0	0.10217918455600739
1	0.07553436607122421
2	0.06729389727115631
3	0.03242740407586098
4	0.027672188356518745
5	0.024053996428847313
6	0.02405237779021263
7	0.023196743801236153
8	0.02317102812230587
