step	eval/loss
0	0.11367082595825195
1	0.07477424293756485
2	0.04896222800016403
3	0.02243565209209919
4	0.02438991889357567
5	0.019535766914486885
6	0.017206579446792603
7	0.015947792679071426
8	0.015622615814208984
