step	loss
0	0.120900958776474
1	0.07083310186862946
2	0.03483100235462189
3	0.038105182349681854
4	0.02757915109395981
5	0.03751236945390701
6	0.026833701878786087
7	0.025866307318210602
8	0.02548694610595703
