step	eval/loss
0	0.10553690046072006
1	0.052327048033475876
2	0.03905350714921951
3	0.029681669548153877
4	0.029178712517023087
5	0.023097606375813484
6	0.020072411745786667
7	0.018745142966508865
8	0.018599605187773705
