step	loss
0	0.22578571736812592
1	0.07486218959093094
2	0.031390104442834854
3	0.03031013533473015
4	0.022565186023712158
5	0.019913380965590477
6	0.019404347985982895
7	0.017305005341768265
8	0.017055455595254898
