step	eval/loss
0	0.0901285856962204
1	0.07956043630838394
2	0.17643651366233826
3	0.03469986841082573
4	0.03772500529885292
5	0.031427644193172455
6	0.03473476693034172
7	0.03437775745987892
8	0.034692488610744476
