step	loss
0	0.09552662819623947
1	0.0317591056227684
2	0.02389446645975113
3	0.03684559091925621
4	0.01718219369649887
5	0.014923332259058952
6	0.013466736301779747
7	0.010959734208881855
8	0.010426105000078678
