step	loss
0	0.10192883014678955
1	0.05597308650612831
2	0.03355095162987709
3	0.026184603571891785
4	0.03361499682068825
5	0.02247147262096405
6	0.02146446891129017
7	0.022361358627676964
8	0.022022247314453125
