step	loss
0	0.11435597389936447
1	0.05464687570929527
2	0.03256632760167122
3	0.06127459928393364
4	0.036470841616392136
5	0.04559531435370445
6	0.03394556790590286
7	0.03001493401825428
8	0.029605239629745483
