step	eval/loss
0	0.09726034849882126
1	0.07892891019582748
2	0.04092846438288689
3	0.027790462598204613
4	0.02593560330569744
5	0.022802239283919334
6	0.022227291017770767
7	0.023044878616929054
8	0.02272985503077507
