step	loss
0	0.09215005487203598
1	0.06563786417245865
2	0.045751847326755524
3	0.02532711997628212
4	0.019780045375227928
5	0.015158065594732761
6	0.014056888408958912
7	0.01488840114325285
8	0.014087875373661518
