step	loss
0	0.10250654071569443
1	0.058373402804136276
2	0.07969988137483597
3	0.036045581102371216
4	0.03156736493110657
5	0.028536757454276085
6	0.018234169110655785
7	0.01544762123376131
8	0.017573446035385132
9	0.01828121952712536
10	0.01864347979426384
