step	loss
0	0.2541651725769043
1	0.07488293945789337
2	0.04127970710396767
3	0.025386715307831764
4	0.023029793053865433
5	0.021257692947983742
6	0.019632522016763687
7	0.019371021538972855
8	0.01930679939687252
