step	loss
0	0.07447296380996704
1	0.06104050949215889
2	0.03540967032313347
3	0.0322628989815712
4	0.027851412072777748
5	0.03724781051278114
6	0.026911184191703796
7	0.026977408677339554
8	0.026586055755615234
