step	eval/loss
0	0.08871833980083466
1	0.0799991711974144
2	0.03164147585630417
3	0.024489501491189003
