step	loss
0	0.14155086874961853
1	0.05321233719587326
2	0.031237058341503143
3	0.023510389029979706
4	0.020598029717803
5	0.02041352540254593
6	0.019113697111606598
7	0.019204476848244667
8	0.01913931407034397
