step	loss
0	0.10255039483308792
1	0.06960392743349075
2	0.03195350244641304
3	0.026230573654174805
4	0.0194977056235075
5	0.01749272458255291
6	0.015803102403879166
7	0.015955237671732903
8	0.015241152606904507
