step	loss
0	0.1283433586359024
1	0.057530928403139114
2	0.03783566504716873
3	0.03191385045647621
4	0.028192656114697456
5	0.030378853902220726
6	0.02696468122303486
7	0.02584415301680565
8	0.02593979425728321
