step	eval/loss
0	0.1193280890583992
1	0.05169173702597618
2	0.04037724807858467
3	0.03848964720964432
4	0.038402289152145386
5	0.02274041436612606
6	0.01989303156733513
7	0.01957007125020027
8	0.01938578672707081
