step	eval/loss
0	0.16269885003566742
1	0.08208966255187988
2	0.045189883559942245
3	0.022764651104807854
4	0.023954303935170174
5	0.018023120239377022
6	0.0180311668664217
7	0.015942730009555817
8	0.015883557498455048
