step	eval/loss
0	0.08871833980083466
1	0.07129068672657013
