step	loss
0	0.07845430821180344
1	0.0622129961848259
2	0.04411381483078003
3	0.029079409316182137
4	0.026877449825406075
5	0.025294527411460876
6	0.027384456247091293
7	0.02501729317009449
8	0.024782011285424232
