step	loss
0	0.20803461968898773
1	0.06339258700609207
2	0.034635674208402634
3	0.028882285580039024
4	0.07599980384111404
5	0.024151576682925224
6	0.018435269594192505
7	0.01623433828353882
8	0.016062552109360695
