step	loss
0	0.09626278281211853
1	0.09007570147514343
2	0.03267839550971985
3	0.02451414056122303
4	0.022825373336672783
5	0.022552073001861572
6	0.021528366953134537
7	0.02088085748255253
8	0.020739145576953888
