step	loss
0	0.10570428520441055
1	0.08113656938076019
2	0.05146665498614311
3	0.2315911501646042
4	0.03510783985257149
5	0.031687770038843155
6	0.030004197731614113
7	0.028297187760472298
8	0.02858489565551281
