step	loss
0	0.10790187120437622
1	0.07959464937448502
2	0.05004296079277992
3	0.5915883183479309
4	0.056562382727861404
5	0.036220211535692215
6	0.029099460691213608
7	0.024259941652417183
8	0.02418757602572441
