step	eval/loss
0	1.0807911157608032
1	0.09227152913808823
2	0.09478099644184113
3	0.03190001845359802
4	0.02746102213859558
5	0.024193044751882553
6	0.02229839563369751
7	0.021733151748776436
8	0.021687733009457588
