step	loss
0	0.1637035757303238
1	0.0684829130768776
2	0.03608285263180733
3	0.027173710986971855
4	0.023577576503157616
5	0.023713430389761925
6	0.021320905536413193
7	0.020790576934814453
8	0.02054685354232788
9	0.020046943798661232
10	0.019847888499498367
