step	eval/loss
0	0.09011133015155792
1	0.07947283238172531
2	0.1939343959093094
3	0.04765919968485832
4	0.03820880502462387
5	0.0351167693734169
6	0.036619167774915695
7	0.035104844719171524
8	0.03523523360490799
