step	eval/loss
0	0.09266456216573715
1	0.05559621378779411
2	0.030875446274876595
3	0.03949868306517601
4	0.028241148218512535
5	0.027550945058465004
6	0.026876002550125122
7	0.022773368284106255
8	0.02313961088657379
