step	loss
0	0.08695404976606369
1	0.047054439783096313
2	0.03605687618255615
3	0.027135418727993965
4	0.021846668794751167
5	0.021248195320367813
6	0.01983398199081421
7	0.01952076517045498
8	0.019308941438794136
