step	loss
0	0.22578571736812592
1	0.08462614566087723
2	0.034732598811388016
3	0.03326653316617012
4	0.025354603305459023
5	0.05314275994896889
6	0.01749841868877411
7	0.01729643903672695
8	0.01534600742161274
9	0.015514612197875977
10	0.014551435597240925
11	0.015455960296094418
12	0.01514338981360197
