step	eval/loss
0	0.11755871027708054
1	0.052506621927022934
2	0.36883798241615295
3	0.05433443561196327
4	0.028520504012703896
5	0.029146555811166763
6	0.02779858186841011
7	0.025618169456720352
8	0.0258753914386034
