step	eval/loss
0	0.09272854775190353
1	0.05506158247590065
2	0.030636223033070564
3	0.039335813373327255
4	0.027292335405945778
5	0.02769525721669197
6	0.02811381220817566
7	0.022931823506951332
8	0.023148898035287857
