step	loss
0	0.2720017731189728
1	0.07317249476909637
2	0.04390324279665947
3	0.04736769571900368
4	0.03445102274417877
5	0.03392601013183594
6	0.03338629752397537
7	0.03284992650151253
8	0.03255622833967209
