step	loss
0	0.2325998842716217
1	0.07331108301877975
2	0.04779882729053497
3	0.04023486748337746
4	0.036883775144815445
5	0.027622608467936516
6	0.026209529489278793
7	0.025832174345850945
8	0.025830071419477463
