step	eval/loss
0	0.08871833980083466
1	0.031919095665216446
2	0.029151340946555138
