step	loss
0	0.23034723103046417
1	0.08304819464683533
2	0.04012422263622284
3	0.031349360942840576
4	0.025645531713962555
5	0.022925876080989838
6	0.022347744554281235
7	0.022339653223752975
8	0.02235419489443302
