step	loss
0	0.09191592782735825
1	0.049164559692144394
2	0.02887544594705105
3	0.024194685742259026
4	0.020156828686594963
5	0.0161494929343462
6	0.013334536924958229
7	0.01267766859382391
8	0.012487642467021942
