step	eval/loss
0	0.22848330438137054
1	0.08330170810222626
2	0.0870637521147728
3	0.030492963269352913
4	0.027040133252739906
5	0.025230981409549713
6	0.02526628039777279
7	0.023548312485218048
8	0.023325471207499504
