step	loss
0	0.11094103008508682
1	0.07880175113677979
2	0.05953041836619377
3	0.24389420449733734
4	0.05702652782201767
5	0.03951999545097351
6	0.030840933322906494
7	0.0312843844294548
8	0.029500991106033325
