step	loss
0	0.3945831060409546
1	0.08678125590085983
2	0.06765024363994598
3	0.04992511495947838
4	0.03948366269469261
5	0.03753528371453285
6	0.03652909770607948
7	0.03516233339905739
8	0.0346180684864521
