step	loss
0	0.16370335221290588
1	0.05950665846467018
2	0.02868523821234703
3	0.02634524740278721
4	0.02382400445640087
5	0.023274671286344528
