step	loss
0	0.08468345552682877
1	0.05452318117022514
2	0.04778050631284714
3	0.026040226221084595
4	0.023159747943282127
5	0.02137545868754387
6	0.021552544087171555
7	0.020459413528442383
8	0.02040068991482258
