step	loss
0	0.31812888383865356
1	0.11199448257684708
2	0.08732358366250992
3	0.0508650466799736
4	0.0331832580268383
5	0.029385637491941452
6	0.027053194120526314
7	0.025593535974621773
8	0.02525610849261284
9	0.025101076811552048
10	0.025031128898262978
