step	loss
0	0.0957055538892746
1	0.04668000712990761
2	0.08463013917207718
3	0.0335991308093071
4	0.028183409944176674
5	0.026637714356184006
6	0.02410273253917694
7	0.02184273861348629
8	0.021336901932954788
