step	eval/loss
0	0.0973782017827034
1	0.07825974375009537
2	0.04223224148154259
3	0.02765045128762722
4	0.02807334065437317
5	0.022807976230978966
6	0.02377350628376007
7	0.02235780656337738
8	0.02272910065948963
