step	loss
0	0.09291643649339676
1	0.05924199894070625
2	0.03310513123869896
3	0.0226676594465971
4	0.025915060192346573
5	0.020583808422088623
6	0.02076871320605278
7	0.01881837286055088
8	0.018815699964761734
9	0.0181527491658926
10	0.01813534088432789
