step	eval/loss
0	0.11778779327869415
1	0.05174517259001732
2	0.04433697089552879
3	0.029241343960165977
4	0.023536305874586105
5	0.021357456222176552
6	0.020296186208724976
7	0.019971895962953568
8	0.019713368266820908
