step	loss
0	0.08987200260162354
1	0.1038895696401596
2	0.019740303978323936
3	0.030146479606628418
4	0.012528171762824059
5	0.010329185053706169
6	0.009594954550266266
7	0.009371730498969555
8	0.009274554438889027
9	0.010106755420565605
10	0.009350547567009926
