step	eval/loss
0	0.2850132882595062
1	0.09318049252033234
2	0.04590297117829323
3	0.02896185591816902
4	0.024199368432164192
5	0.022316593676805496
6	0.02577282302081585
7	0.021494150161743164
8	0.021323326975107193
