step	loss
0	0.30852946639060974
1	0.09085694700479507
2	0.035814639180898666
3	0.03194684907793999
4	0.02354060485959053
5	0.0217794980853796
6	0.02011411264538765
7	0.018972249701619148
8	0.01866968534886837
