step	loss
0	0.16260626912117004
1	0.09941589087247849
2	0.06991590559482574
3	0.022550782188773155
4	0.020847996696829796
5	0.01789175532758236
6	0.016013512387871742
7	0.016019737347960472
8	0.015607478097081184
