step	loss
0	0.12834350764751434
1	0.05753149837255478
2	0.03781898692250252
3	0.03186221793293953
4	0.028203515335917473
5	0.030374160036444664
6	0.026932159438729286
7	0.025819124653935432
8	0.02591952495276928
