step	loss
0	0.08453767001628876
1	0.06390904635190964
2	0.03687246888875961
3	0.029270481318235397
4	0.021465783938765526
5	0.021114060655236244
6	0.019556017592549324
7	0.01831200160086155
8	0.01861749030649662
9	0.01814758963882923
10	0.017919983714818954
