step	loss
0	0.08636175841093063
1	0.04606280103325844
2	0.025532016530632973
3	0.02578619122505188
4	0.01878192648291588
5	0.015361540019512177
6	0.021197007969021797
7	0.01202374417334795
8	0.020375270396471024
9	0.016652490943670273
10	0.015917686745524406
