step	loss
0	0.9780513048171997
1	0.07518179714679718
2	0.06958084553480148
3	0.038812536746263504
4	0.035476695746183395
5	0.02911248616874218
6	0.030072228983044624
7	0.026444103568792343
8	0.026584209874272346
