step	loss
0	0.08695433288812637
1	0.04705321043729782
2	0.03606688231229782
3	0.027138134464621544
4	0.02184864692389965
5	0.021243680268526077
6	0.019838005304336548
7	0.019519809633493423
8	0.019304899498820305
