step	loss
0	0.08636175841093063
1	0.04605930298566818
2	0.025552736595273018
3	0.025864990428090096
4	0.018904367461800575
5	0.015426444821059704
6	0.020093243569135666
7	0.012132051400840282
8	0.020743226632475853
9	0.016957426443696022
10	0.01614111103117466
