step	loss
0	0.2756253778934479
1	0.11762628704309464
2	0.05325665324926376
3	0.031165434047579765
4	0.02662559039890766
5	0.02628166414797306
6	0.026308387517929077
7	0.016357306391000748
8	0.01646975241601467
9	0.014331473037600517
10	0.01393352635204792
11	0.013885448686778545
12	0.013357807882130146
