step	loss
0	0.09446880966424942
1	0.04790444299578667
2	0.025317789986729622
3	0.024842826649546623
4	0.023088639602065086
5	0.020438911393284798
6	0.017182905226945877
7	0.016488494351506233
8	0.015138686634600163
9	0.015356063842773438
10	0.015294947661459446
