step	loss
0	0.2531059682369232
1	0.0756082534790039
2	0.04971182346343994
3	0.032622259110212326
4	0.02459638938307762
5	0.02153959684073925
6	0.022779732942581177
7	0.019691402092576027
8	0.020788827911019325
9	0.017883164808154106
10	0.016973722726106644
11	0.017332997173070908
12	0.016551651060581207
13	0.01810533180832863
14	0.016018429771065712
15	0.01620587334036827
16	0.016038063913583755
