step	loss
0	0.084544837474823
1	0.06200535222887993
2	0.03342738002538681
3	0.027368156239390373
4	0.02135746367275715
5	0.02104259468615055
6	0.019417690113186836
7	0.01911904104053974
8	0.01918964646756649
