step	loss
0	0.08002860844135284
1	0.050811123102903366
2	0.0642109289765358
3	0.035675033926963806
4	0.02694292552769184
5	0.021905021741986275
6	0.02192009799182415
7	0.019779885187745094
8	0.01983998902142048
