step	loss
0	0.3181315064430237
1	0.1119944304227829
2	0.08732428401708603
3	0.05086633190512657
4	0.03318377956748009
5	0.029384290799498558
6	0.027052583172917366
7	0.025588488206267357
8	0.02524982951581478
9	0.025095058605074883
10	0.025026023387908936
