step	loss
0	0.16370315849781036
1	0.06848225742578506
2	0.036077290773391724
3	0.02717941626906395
4	0.0235908180475235
5	0.02371283806860447
6	0.021311823278665543
7	0.020775066688656807
8	0.020541980862617493
9	0.02003083936870098
10	0.019832680001854897
