step	loss
0	0.08960338681936264
1	0.06329403072595596
2	0.0485290065407753
3	0.0358898751437664
4	0.03451496735215187
5	0.029933452606201172
6	0.030625687912106514
7	0.029284581542015076
8	0.028561728075146675
