step	eval/loss
0	0.28328993916511536
1	0.09243044257164001
2	0.03577534854412079
3	0.02636495605111122
4	0.031184516847133636
5	0.02521689422428608
6	0.024192623794078827
7	0.022609760984778404
8	0.022611383348703384
