step	eval/loss
0	0.08871833980083466
1	0.07955025881528854
2	0.03162338212132454
3	0.02448788285255432
