step	eval/loss
0	0.10546892136335373
1	0.05207722261548042
2	0.03963765874505043
3	0.029551880434155464
4	0.028624096885323524
5	0.02299991063773632
6	0.020295392721891403
7	0.018866509199142456
8	0.018729763105511665
