step	eval/loss
0	0.08871833980083466
1	0.03189931437373161
2	0.029142256826162338
