step	loss
0	17341.130859375
1	0.8388965725898743
2	0.22315405309200287
3	0.1388052999973297
4	0.21022900938987732
5	0.050399113446474075
6	0.041709937155246735
7	0.039905745536088943
8	0.04083644598722458
