step	loss
0	0.16370214521884918
1	0.06848431378602982
2	0.03608066961169243
3	0.027185413986444473
4	0.023598626255989075
5	0.023721639066934586
6	0.021259909495711327
7	0.020781127735972404
8	0.02054985985159874
9	0.020026907324790955
10	0.019839391112327576
