step	loss
0	0.1637030392885208
1	0.06848250329494476
2	0.03608015552163124
3	0.027179231867194176
4	0.023582464084029198
5	0.02372952736914158
6	0.021311070770025253
7	0.020780596882104874
8	0.02055329456925392
9	0.02007913589477539
10	0.019883381202816963
