step	loss
0	0.16370196640491486
1	0.06848012655973434
2	0.03606904670596123
3	0.027200037613511086
4	0.023560956120491028
5	0.023717550560832024
6	0.02132408693432808
7	0.02077506110072136
8	0.020553451031446457
9	0.020050523802638054
10	0.019862649962306023
