step	loss
0	0.23934991657733917
1	0.0964735746383667
2	0.035946957767009735
3	0.029894709587097168
4	0.035976313054561615
5	0.024154307320713997
6	0.022649280726909637
7	0.023508356884121895
8	0.023507889360189438
