step	loss
0	0.1283433437347412
1	0.05753128603100777
2	0.037827860563993454
3	0.03187663108110428
4	0.02820470929145813
5	0.0303842443972826
6	0.026953252032399178
7	0.02583448961377144
8	0.025931568816304207
