step	eval/loss
0	0.09267982095479965
1	0.05545703321695328
2	0.030794549733400345
3	0.03955676034092903
4	0.028464416041970253
5	0.027656033635139465
6	0.02693965472280979
7	0.022915204986929893
8	0.023166080936789513
