step	loss
0	0.41277116537094116
1	0.10191105306148529
2	0.0769006758928299
3	0.035368744283914566
4	0.027135467156767845
5	0.027434194460511208
6	0.025845561176538467
7	0.02521192654967308
8	0.025175416842103004
