step	loss
0	0.15894976258277893
1	0.057984642684459686
2	0.019940165802836418
3	0.019327161833643913
4	0.016455937176942825
5	0.016662100329995155
6	0.01538790762424469
7	0.0139840142801404
8	0.01427343301475048
