step	loss
0	0.31813058257102966
1	0.11199479550123215
2	0.0873241275548935
3	0.050865668803453445
4	0.03318065404891968
5	0.029390418902039528
6	0.027055682614445686
7	0.02559184655547142
8	0.02525288052856922
9	0.025098072364926338
10	0.025029530748724937
