step	loss
0	0.2756253778934479
1	0.09702698141336441
2	0.03338104113936424
3	0.029941925778985023
4	0.025293981656432152
5	0.021752018481492996
6	0.024096915498375893
7	0.018086953088641167
8	0.01876523531973362
