step	loss
0	0.14240224659442902
1	0.050615791231393814
2	0.05375654622912407
3	0.04437633603811264
4	0.025166407227516174
5	0.02623054012656212
6	0.026709260419011116
7	0.02664460614323616
8	0.026210052892565727
