step	eval/loss
0	0.10232079029083252
1	0.07580293715000153
2	0.066893070936203
3	0.03357037156820297
4	0.02831895649433136
5	0.02391052432358265
6	0.024654438719153404
7	0.023286020383238792
8	0.023079844191670418
