step	loss
0	0.15894976258277893
1	0.0579848475754261
2	0.01993102952837944
3	0.01933346316218376
4	0.01644713804125786
5	0.016772011294960976
6	0.014768955297768116
7	0.013956556096673012
8	0.014317748136818409
