step	eval/loss
0	0.10532552003860474
1	0.05190379545092583
2	0.04057765379548073
3	0.029274102300405502
4	0.03029315359890461
5	0.023416411131620407
6	0.020749406889081
7	0.01987677812576294
8	0.019516557455062866
