step	loss
0	0.16587378084659576
1	0.07311226427555084
2	0.04294246435165405
3	0.028845304623246193
4	0.026186730712652206
5	0.024547815322875977
6	0.02462296187877655
7	0.022588077932596207
8	0.022633390501141548
