step	loss
0	0.16370292007923126
1	0.06848479062318802
2	0.03608597069978714
3	0.027173161506652832
4	0.023583726957440376
5	0.023701706901192665
6	0.021297544240951538
7	0.020783109590411186
8	0.020544255152344704
9	0.020055368542671204
10	0.019854292273521423
