step	loss
0	0.24108649790287018
1	0.08764247596263885
2	0.0509193055331707
3	0.037818968296051025
4	0.028809893876314163
5	0.023635802790522575
6	0.022710662335157394
7	0.022095682099461555
8	0.021831151098012924
