step	loss
0	0.3235038220882416
1	0.07269496470689774
2	0.04595733433961868
3	0.03964003548026085
4	0.036405809223651886
5	0.02983657829463482
6	0.028100544586777687
7	0.027567895129323006
8	0.02753269672393799
