step	loss
0	0.22578571736812592
1	0.07485953718423843
2	0.0313786044716835
3	0.030374450609087944
4	0.022610429674386978
5	0.019593028351664543
6	0.019079921767115593
7	0.017253145575523376
8	0.016945641487836838
