step	eval/loss
0	0.09257180243730545
1	0.05557733401656151
2	0.030781233683228493
3	0.03936074301600456
4	0.028361719101667404
5	0.027392569929361343
6	0.02724194899201393
7	0.02313200943171978
8	0.02342402935028076
