step	loss
0	0.11219672858715057
1	0.04401124268770218
2	0.04108400642871857
3	0.02457146719098091
4	0.024144591763615608
5	0.02112169750034809
6	0.018371080979704857
7	0.018190227448940277
8	0.018159406259655952
