step	loss
0	0.11599911004304886
1	0.059739917516708374
2	0.04733528941869736
3	0.02585013024508953
4	0.026076236739754677
5	0.021777912974357605
6	0.020531171932816505
7	0.021283984184265137
8	0.020560776814818382
