step	loss
0	0.08695429563522339
1	0.04705413058400154
2	0.03608303517103195
3	0.027136076241731644
4	0.02184102311730385
5	0.02124381996691227
6	0.019833123311400414
7	0.019519174471497536
8	0.019307466223835945
