step	loss
0	0.24108409881591797
1	0.08764344453811646
2	0.05090571194887161
3	0.037842899560928345
4	0.028803540393710136
5	0.02361227385699749
6	0.022726008668541908
7	0.022096620872616768
8	0.021828921511769295
