step	loss
0	0.10522877424955368
1	0.05192933231592178
2	0.03906366974115372
3	0.02950611710548401
4	0.028495298698544502
5	0.023097718134522438
6	0.02023838646709919
7	0.018743440508842468
8	0.0186605304479599
