step	loss
0	0.22643284499645233
1	0.07660616189241409
2	0.05770965293049812
3	0.040898848325014114
4	0.0346837155520916
5	0.029159361496567726
6	0.02608896978199482
7	0.02549142949283123
8	0.025507500395178795
