step	loss
0	0.3181324899196625
1	0.1119944304227829
2	0.08732426911592484
3	0.05086655542254448
4	0.03318163380026817
5	0.029386384412646294
6	0.027051527053117752
7	0.025591591373085976
8	0.02525515668094158
9	0.02509993687272072
10	0.02503073215484619
