step	loss
0	0.08453819900751114
1	0.06603318452835083
2	0.038965899497270584
3	0.029242027550935745
4	0.022930601611733437
5	0.025855405256152153
6	0.022223416715860367
7	0.018765810877084732
8	0.018048465251922607
9	0.01726454496383667
10	0.017214011400938034
11	0.016598332673311234
12	0.016500117257237434
13	0.01594696380198002
14	0.01581861451268196
15	0.015718046575784683
