step	loss
0	0.45612266659736633
1	0.07472964376211166
2	0.05588808283209801
3	0.03202235698699951
4	0.027292145416140556
5	0.022477854043245316
6	0.02109120786190033
7	0.020555615425109863
8	0.020465565845370293
