step	loss
0	0.12834350764751434
1	0.05753149464726448
2	0.03781849145889282
3	0.03186522796750069
4	0.028208378702402115
5	0.030378496274352074
6	0.02694556675851345
7	0.02582942135632038
8	0.025930006057024002
