step	loss
0	0.16948440670967102
1	0.0650041401386261
2	0.03229992464184761
3	0.02221834287047386
4	0.024922668933868408
5	0.020466238260269165
6	0.018590977415442467
7	0.01803220435976982
8	0.018106278032064438
