step	loss
0	0.1470368653535843
1	0.05684863030910492
2	0.037330932915210724
3	0.028240548446774483
4	0.028312692418694496
5	0.02831864543259144
6	0.024168098345398903
7	0.024765461683273315
8	0.025170346722006798
