step	loss
0	0.6484370827674866
1	0.41582348942756653
2	0.14757069945335388
3	0.1505241096019745
4	0.10093963891267776
5	0.08949438482522964
6	0.0811014175415039
7	0.07776946574449539
8	0.07720758020877838
