step	loss
0	0.16370448470115662
1	0.06848280876874924
2	0.036082834005355835
3	0.027182376012206078
4	0.023566031828522682
5	0.023703766986727715
6	0.02130293659865856
7	0.020775703713297844
8	0.020569339394569397
9	0.020073482766747475
10	0.019877880811691284
