step	loss
0	0.12831498682498932
1	0.0575299896299839
2	0.037828028202056885
3	0.03187365084886551
4	0.028203755617141724
5	0.03035837970674038
6	0.02694089710712433
7	0.025843894109129906
8	0.025943605229258537
