step	loss
0	0.28051725029945374
1	0.08091629296541214
2	0.043677154928445816
3	0.030827902257442474
4	0.022252874448895454
5	0.019515329971909523
6	0.018695835024118423
7	0.017954541370272636
8	0.017826536670327187
