step	loss
0	0.0903276801109314
1	0.050816427916288376
2	0.03375716507434845
3	0.029977312311530113
4	0.027175361290574074
5	0.022687481716275215
6	0.022799517959356308
