step	eval/loss
0	0.09014908224344254
1	0.07821391522884369
2	0.15694914758205414
3	0.04439997673034668
4	0.03864988684654236
5	0.03408879414200783
6	0.0368383415043354
7	0.03420201689004898
8	0.0345584861934185
