step	loss
0	0.11091089248657227
1	0.08813134580850601
2	0.0575236901640892
3	0.027644839137792587
4	0.024073278531432152
5	0.023931387811899185
6	0.02323494292795658
7	0.019963618367910385
8	0.020234590396285057
