step	loss
0	0.08453738689422607
1	0.06390850245952606
2	0.03687554597854614
3	0.029269199818372726
4	0.02146497182548046
5	0.021133897826075554
6	0.019543757662177086
7	0.018307233229279518
8	0.01862519420683384
9	0.0181403961032629
10	0.017910679802298546
