step	loss
0	0.0903276801109314
1	0.05082300677895546
2	0.03373844549059868
3	0.02991894818842411
4	0.02716338261961937
5	0.022644121199846268
6	0.022704720497131348
