step	loss
0	5.809065818786621
1	0.20575526356697083
2	0.09185231477022171
3	222.091796875
4	0.16637711226940155
5	0.07407201081514359
6	0.05304044857621193
7	0.04192933067679405
8	0.040081579238176346
