step	loss
0	0.1283433437347412
1	0.057531293481588364
2	0.037827931344509125
3	0.03187759593129158
4	0.028203414753079414
5	0.03037923388183117
6	0.026946257799863815
7	0.025829782709479332
8	0.02592688426375389
