step	eval/loss
0	0.39818069338798523
1	0.08474504202604294
2	0.04170365259051323
3	0.02139103412628174
4	0.02526508830487728
5	0.017702843993902206
6	0.016611630097031593
7	0.015050339512526989
8	0.014499546028673649
