step	eval/loss
0	0.09012208133935928
1	0.0789915919303894
2	0.18538036942481995
3	0.03610610216856003
4	0.03882141038775444
5	0.03264221176505089
6	0.034516457468271255
7	0.03324514254927635
8	0.033402375876903534
