step	loss
0	0.08453840017318726
1	0.06390710920095444
2	0.03687669709324837
3	0.02928059920668602
4	0.021470727398991585
5	0.021127110347151756
6	0.019581181928515434
7	0.018322696909308434
8	0.018642369657754898
9	0.018164770677685738
10	0.017934024333953857
