step	loss
0	0.3181311786174774
1	0.11199464648962021
2	0.08732566982507706
3	0.05086718127131462
4	0.033183515071868896
5	0.029381930828094482
6	0.027055222541093826
7	0.02559712715446949
8	0.025256741791963577
9	0.025101259350776672
10	0.02503124810755253
