step	eval/loss
0	0.10539672523736954
1	0.05218328908085823
2	0.039260003715753555
3	0.02959643304347992
4	0.029441475868225098
5	0.023267975077033043
6	0.020378228276968002
7	0.01936030015349388
8	0.019149456173181534
