step	loss
0	0.780143141746521
1	0.12143542617559433
2	0.2639586925506592
3	0.04188278317451477
4	0.03314269334077835
5	0.02232208475470543
6	0.020621180534362793
7	0.019534025341272354
8	0.019192801788449287
