step	loss
0	0.12649542093276978
1	0.04834872856736183
2	0.05471517890691757
3	0.029348699375987053
4	0.023822184652090073
5	0.023664254695177078
