step	eval/loss
0	0.10931868106126785
1	0.12366681545972824
2	0.045392055064439774
3	0.03662937134504318
4	0.02122502401471138
5	0.02013232372701168
6	0.018784403800964355
7	0.016360746696591377
8	0.016192330047488213
