step	loss
0	0.09223956614732742
1	0.09418052434921265
2	0.0390627458691597
3	0.03699498251080513
4	0.028789350762963295
5	0.026141967624425888
6	0.027383938431739807
7	0.023333903402090073
8	0.02326853945851326
