step	loss
0	0.1283433437347412
1	0.057531289756298065
2	0.03782915323972702
3	0.03187981992959976
4	0.028193848207592964
5	0.03037157468497753
6	0.026938896626234055
7	0.025822822004556656
8	0.02592088282108307
