step	eval/loss
0	0.08871833980083466
1	0.031922634690999985
2	0.029153915122151375
