step	loss
0	0.07179493457078934
1	0.058184076100587845
2	0.0462443083524704
3	0.03190136328339577
4	0.02888687513768673
5	0.02785203419625759
6	0.026926346123218536
7	0.02635905146598816
8	0.026072392240166664
