step	loss
0	0.09469117224216461
1	0.12520481646060944
2	0.03207708150148392
3	0.0278859194368124
4	0.02106550708413124
5	0.013688119128346443
6	0.01303113717585802
7	0.011046803556382656
8	0.01468691136687994
9	0.012985681183636189
10	0.0125281335785985
