step	eval/loss
0	0.10908370465040207
1	0.07924102991819382
2	0.04174264520406723
3	0.08818096667528152
4	0.031996581703424454
5	0.022642694413661957
6	0.021339576691389084
7	0.019881876185536385
8	0.019355079159140587
