step	loss
0	0.09028355032205582
1	0.06205388158559799
2	0.03448644280433655
3	0.029520705342292786
4	0.02743856981396675
5	0.02439306303858757
6	0.02262980118393898
7	0.0188068188726902
8	0.016994237899780273
9	0.01569783315062523
10	0.01589256152510643
11	0.015869198366999626
12	0.0158154908567667
