step	loss
0	0.08871833980083466
1	0.08057188987731934
2	0.031628143042325974
3	0.02446618862450123
