step	loss
0	0.11293353885412216
1	0.04647786170244217
2	0.04047543555498123
3	0.026207711547613144
4	0.02499772608280182
5	0.023150721564888954
6	0.022005746141076088
7	0.02199774794280529
8	0.02193373814225197
