step	loss
0	0.08453930914402008
1	0.06309907883405685
2	0.03816022723913193
3	0.028801070526242256
4	0.0222731102257967
5	0.02094120904803276
6	0.020692169666290283
7	0.020175645127892494
8	0.01957811787724495
9	0.019149359315633774
