step	loss
0	0.08695495128631592
1	0.04705557972192764
2	0.036072082817554474
3	0.02712838724255562
4	0.021859269589185715
5	0.02124706096947193
6	0.019832702353596687
7	0.019528081640601158
8	0.0193147212266922
