step	loss
0	0.08695497363805771
1	0.04705377668142319
2	0.036061353981494904
3	0.02713250182569027
4	0.021815214306116104
5	0.021220171824097633
6	0.01980127952992916
7	0.01950882002711296
8	0.01929767243564129
