step	loss
0	0.16370315849781036
1	0.06848615407943726
2	0.036081068217754364
3	0.027187181636691093
4	0.023589283227920532
5	0.023718729615211487
6	0.021325422450900078
7	0.020783228799700737
8	0.0205280389636755
9	0.02004295401275158
10	0.01984524540603161
