step	loss
0	0.08868462592363358
1	0.04690615087747574
2	0.03303593769669533
3	0.02529985085129738
4	0.025394966825842857
5	0.020651033148169518
6	0.020006436854600906
7	0.019336311146616936
8	0.019685614854097366
