step	loss
0	0.2660999894142151
1	0.07060923427343369
2	0.04542052373290062
3	0.03687402233481407
4	0.027120526880025864
5	0.024395152926445007
6	0.02376333437860012
7	0.02321040630340576
8	0.023133758455514908
