step	loss
0	0.13454917073249817
1	0.0599944181740284
2	0.03527732938528061
3	0.0271746926009655
4	0.02437800168991089
5	0.02270524576306343
6	0.022179914638400078
7	0.02186186984181404
8	0.021211454644799232
