step	loss
0	0.1345493495464325
1	0.05999414995312691
2	0.03527510538697243
3	0.02718748152256012
4	0.02438412234187126
5	0.02271578274667263
6	0.022212142124772072
7	0.021833328530192375
8	0.021203305572271347
