step	loss
0	2.539127826690674
1	0.11375544965267181
2	0.06068547070026398
3	0.028126446530222893
4	0.02392178773880005
5	0.02098507434129715
6	0.02077740803360939
7	0.020093871280550957
8	0.01984250545501709
