step	loss
0	0.2756253778934479
1	0.09702204167842865
2	0.033373091369867325
3	0.030127650126814842
4	0.025630921125411987
5	0.02174088917672634
6	0.023042412474751472
7	0.018044451251626015
8	0.01833437755703926
