step	eval/loss
0	0.08871833980083466
1	0.031892091035842896
2	0.029177097603678703
