step	loss
0	0.5925068259239197
1	0.12903709709644318
2	0.048537518829107285
3	0.047263629734516144
4	0.051264308393001556
5	0.03984668850898743
6	0.050290029495954514
7	0.02867881953716278
8	0.0286102257668972
