step	loss
0	0.08695509284734726
1	0.04705485329031944
2	0.0360713005065918
3	0.027131354436278343
4	0.02185884676873684
5	0.02124500274658203
6	0.019834069535136223
7	0.01952432096004486
8	0.01931161619722843
