step	loss
0	0.08695436269044876
1	0.04705462604761124
2	0.03606876730918884
3	0.027134090662002563
4	0.02185760624706745
5	0.021243227645754814
6	0.019817015156149864
7	0.01951834373176098
8	0.01930879056453705
