step	loss
0	0.3181295692920685
1	0.11199456453323364
2	0.08732397854328156
3	0.050864845514297485
4	0.033181995153427124
5	0.029379313811659813
6	0.027050936594605446
7	0.025593264028429985
8	0.025255415588617325
9	0.02509911358356476
10	0.02503005787730217
