step	box_loss
0	4.45421
1	4.43454
2	4.15398
3	3.93108
4	3.96868
5	3.85061
6	3.81386
7	3.66723
8	3.68063
9	3.65065
10	3.65338
11	3.63643
12	3.50837
13	3.46403
14	3.59301
15	3.46891
16	3.50054
17	3.46453
18	3.39495
19	3.54712
