step	cls_loss
0	4.36207
1	4.23548
2	4.18378
3	4.03659
4	4.01052
5	3.86868
6	3.87801
7	3.79706
8	3.72009
9	3.66282
10	3.76424
11	3.74475
12	3.73512
13	3.69133
14	3.69503
15	3.62404
16	3.63173
17	3.66412
18	3.60208
19	3.65689
