step	dfl_loss
0	2.66546
1	2.67988
2	2.46643
3	2.30384
4	2.19457
5	2.10161
6	2.01492
7	1.90405
8	1.81759
9	1.84111
10	1.85764
11	1.83176
12	1.85646
13	1.82667
14	1.86491
15	1.77699
16	1.81749
17	1.77003
18	1.73946
19	1.76442
