step	loss
0	0.7506179809570312
1	2451.888916015625
2	1176.9984130859375
3	752.6328735351562
4	541.1138916015625
5	414.75067138671875
6	330.95794677734375
7	271.4925842285156
8	227.23007202148438
