step	loss
0	0.2643556296825409
1	0.08440984040498734
2	0.06752025336027145
3	0.054994091391563416
4	0.04659449681639671
5	0.04095011204481125
6	0.03679035231471062
7	0.03375277668237686
8	0.03128885477781296
