step	loss
0	0.40736180543899536
1	0.13820411264896393
2	0.11807180196046829
3	0.09712222218513489
4	0.07905899733304977
5	0.06632991135120392
6	0.05688399076461792
7	0.05004222318530083
8	0.0448504313826561
9	0.040857139974832535
10	0.037746164947748184
