step	loss
0	0.8370991945266724
1	0.08330802619457245
2	0.05825915187597275
3	0.04483433812856674
4	0.03651316091418266
5	0.03153553977608681
6	0.027060911059379578
7	0.02335425280034542
8	0.02054128423333168
