step	train/loss
0	5.0348429679870605
1	0.11240512132644653
2	0.08933654427528381
3	0.07482366263866425
4	0.06089036166667938
5	0.05175039544701576
6	0.045173950493335724
7	0.039854276925325394
8	0.03606677055358887
