step	loss
0	0.3341357111930847
1	0.07366447150707245
2	0.05632686987519264
3	0.046274520456790924
4	0.03964666277170181
5	0.035054270178079605
6	0.03155325725674629
7	0.02901720069348812
8	0.02714768424630165
