step	train/loss
0	0.41718754172325134
1	0.0710192546248436
2	0.05417025834321976
3	0.044630132615566254
4	0.03772599250078201
5	0.03312070667743683
6	0.02934923954308033
7	0.026273120194673538
8	0.02402784675359726
