step	loss
0	0.32265567779541016
1	0.07895319908857346
2	0.06152106076478958
3	0.04931922256946564
4	0.041836705058813095
5	0.03663553670048714
6	0.03258948773145676
7	0.029624883085489273
8	0.02729334868490696
9	0.025365540757775307
10	0.023809567093849182
