step	loss
0	0.40736180543899536
1	0.13820432126522064
2	0.11807210743427277
3	0.09712221473455429
4	0.0790587067604065
5	0.06632938235998154
6	0.05688333883881569
7	0.050041716545820236
8	0.04484999552369118
9	0.040856413543224335
10	0.03774537146091461
