step	train/loss
0	11.775453567504883
1	0.44097229838371277
2	0.2466581016778946
3	0.16845600306987762
4	0.1245374083518982
5	0.09753350913524628
6	0.07983823865652084
7	0.06705218553543091
8	0.05752788111567497
