step	train/loss
0	0.41718029975891113
1	0.07098215818405151
2	0.05412738397717476
3	0.044612254947423935
4	0.037818729877471924
5	0.033249855041503906
6	0.02952909842133522
7	0.026483876630663872
8	0.024143772199749947
