step	loss
0	0.48770061135292053
1	0.10290611535310745
2	0.08376827836036682
3	0.0681045651435852
4	0.05836496874690056
5	0.05046713724732399
6	0.0449640229344368
7	0.04088621586561203
8	0.037319544702768326
9	0.03436309099197388
10	0.03194807842373848
11	0.02997828833758831
12	0.028187666088342667
13	0.02660621888935566
14	0.02544931136071682
15	0.02457059919834137
16	0.023897919803857803
