step	loss
0	0.4921359717845917
1	0.07820036262273788
2	0.06189638003706932
3	0.04812737926840782
4	0.03900877386331558
5	0.032080911099910736
6	0.02650049887597561
7	0.022355642169713974
8	0.019151488319039345
