step	loss
0	0.40736183524131775
1	0.13820430636405945
2	0.11807239055633545
3	0.09712269902229309
4	0.07905934751033783
5	0.06633113324642181
6	0.05688527226448059
7	0.05004381760954857
8	0.04485258460044861
9	0.0408591702580452
10	0.037748437374830246
