step	loss
0	3.4967119693756104
1	0.08974172919988632
2	0.06610909104347229
3	0.05267210304737091
4	0.04388982802629471
5	0.03807992860674858
6	0.033561643213033676
7	0.030061423778533936
8	0.027502186596393585
