step	train/loss
0	0.2893166244029999
1	0.12846796214580536
2	0.0972352847456932
3	0.07247739285230637
4	0.05757443234324455
5	0.0483405739068985
6	0.041654665023088455
7	0.03704885020852089
8	0.03371942415833473
