step	loss
0	0.8147059082984924
1	0.10592228919267654
2	0.08223213255405426
3	0.06461010128259659
4	0.05354772135615349
5	0.04571929946541786
6	0.03982391580939293
7	0.035580020397901535
8	0.03240928798913956
