step	train/loss
0	0.422212690114975
1	0.10722916573286057
2	0.06890177726745605
3	0.05783639848232269
4	0.048457518219947815
5	0.04078974574804306
6	0.03513043373823166
7	0.03068651258945465
8	0.027396978810429573
