step	loss
0	0.4445679485797882
1	0.11150231212377548
2	0.07089268416166306
3	0.0522850826382637
4	0.04191653057932854
5	0.03473472595214844
6	0.030102724209427834
7	0.026369784027338028
8	0.02343800663948059
