step	train/loss
0	2.3144478797912598
1	0.16323240101337433
2	0.10967282205820084
3	0.07914283871650696
4	0.062429435551166534
5	0.051740862429142
6	0.044878289103507996
7	0.03939416632056236
8	0.03535336256027222
