step	loss
0	0.32652440667152405
1	0.08053664863109589
2	0.061851803213357925
3	0.049760106950998306
4	0.04300324246287346
5	0.03843822330236435
6	0.035380225628614426
7	0.03259383514523506
8	0.03061583824455738
