step	loss
0	0.7043622732162476
1	0.08063475787639618
2	0.0669689029455185
3	0.060937996953725815
4	0.05526149645447731
5	0.04778487980365753
6	0.04086169973015785
7	0.03535548970103264
8	0.03088248521089554
