step	loss
0	0.2958039939403534
1	0.06718429923057556
2	0.054242610931396484
3	0.04624175652861595
4	0.040952567011117935
5	0.037338823080062866
6	0.03440381586551666
7	0.032112717628479004
8	0.03030530922114849
