step	loss
0	0.2196350246667862
1	0.06723366677761078
2	0.052017420530319214
3	0.043642494827508926
4	0.03819607198238373
5	0.0341523140668869
6	0.031118016690015793
7	0.028792710974812508
8	0.027010615915060043
