step	loss
0	0.3226558566093445
1	0.07895427942276001
2	0.0615224689245224
3	0.049328263849020004
4	0.04184670001268387
5	0.036643411964178085
6	0.03259739279747009
7	0.029636846855282784
8	0.027303652837872505
9	0.02537691593170166
10	0.023819997906684875
