step	loss
0	0.7328876852989197
1	0.13847647607326508
2	0.09389274567365646
3	0.06790190935134888
4	0.05309959873557091
5	0.04348357021808624
6	0.036859869956970215
7	0.03145156055688858
8	0.027678057551383972
9	0.02444598078727722
10	0.021812528371810913
11	0.019670017063617706
12	0.017910320311784744
