step	loss
0	27.083498001098633
1	0.12863554060459137
2	0.08916264027357101
3	0.0674956738948822
4	0.05986649915575981
5	0.053008414804935455
6	0.04780232906341553
7	0.04276273772120476
8	0.039045847952365875
