step	loss
0	1.957829236984253
1	0.09039910137653351
2	0.11259530484676361
3	0.08903590589761734
4	0.07229911535978317
5	0.06007847934961319
6	0.05162614583969116
7	0.04485087841749191
8	0.040117088705301285
