step	train/loss
0	0.3297797441482544
1	0.07380128651857376
2	0.05460735782980919
3	0.04483029246330261
4	0.037395209074020386
5	0.03269244357943535
6	0.029105881229043007
7	0.02605181187391281
8	0.023951882496476173
