step	loss
0	0.5533683896064758
1	0.09567775577306747
2	0.0683591216802597
3	0.052583690732717514
4	0.043471768498420715
5	0.03542717546224594
6	0.02950975112617016
7	0.02492203190922737
8	0.021366067230701447
9	0.01858813688158989
10	0.016387909650802612
