step	loss
0	20.990468978881836
1	0.13553647696971893
2	0.09030437469482422
3	0.0703166276216507
4	0.05697980895638466
5	0.04812724515795708
6	0.04182272404432297
7	0.03699512407183647
8	0.033656977117061615
