step	loss
0	0.32418933510780334
1	0.08177050948143005
2	0.06175457313656807
3	0.049586135894060135
4	0.04215846583247185
5	0.03683628514409065
6	0.032842837274074554
7	0.029735393822193146
8	0.027316365391016006
9	0.02536681666970253
10	0.023861482739448547
