step	loss
0	0.21963518857955933
1	0.06723356992006302
2	0.052016858011484146
3	0.04364297538995743
4	0.03819746896624565
5	0.03415248170495033
6	0.031122876331210136
7	0.028795471414923668
8	0.027011170983314514
