step	train/loss
0	5.035435676574707
1	0.11238738894462585
2	0.08646335452795029
3	0.07190519571304321
4	0.06021120771765709
5	0.05159059539437294
6	0.045113708823919296
7	0.0397648811340332
8	0.03601423278450966
