step	loss
0	0.7019357085227966
1	0.17861954867839813
2	0.1403428614139557
3	0.10700532793998718
4	0.08571673184633255
5	0.07151083648204803
6	0.061266954988241196
7	0.05365810543298721
8	0.048025354743003845
