step	loss
0	0.49795928597450256
1	0.09612664580345154
2	0.07340890169143677
3	0.05900561064481735
4	0.0491953045129776
5	0.0426906980574131
6	0.03801989182829857
7	0.034489706158638
8	0.03174786642193794
