step	loss
0	0.3341357111930847
1	0.07366452366113663
2	0.05632801353931427
3	0.04627368599176407
4	0.039643265306949615
5	0.03505241870880127
6	0.03155127912759781
7	0.02901591919362545
8	0.027146294713020325
