step	loss
0	0.43563589453697205
1	0.09637439996004105
2	0.07545032352209091
3	0.05933096632361412
4	0.049423325806856155
5	0.04249697923660278
6	0.03781766816973686
7	0.03416302800178528
8	0.03149721771478653
