step	loss
0	0.3341357111930847
1	0.07366452366113663
2	0.05632816627621651
3	0.04627310857176781
4	0.03964412212371826
5	0.03505441173911095
6	0.0315522663295269
7	0.029016852378845215
8	0.027146220207214355
