step	loss
0	0.37545090913772583
1	0.12102561444044113
2	0.09719611704349518
3	0.07573974132537842
4	0.06162771210074425
5	0.05205945670604706
6	0.04542918875813484
7	0.04065236076712608
8	0.03699851408600807
