step	train/loss
0	0.3297843337059021
1	0.074139304459095
2	0.054820213466882706
3	0.044841278344392776
4	0.03728947415947914
5	0.032533999532461166
6	0.028900058940052986
7	0.025869304314255714
8	0.023780180141329765
