step	loss
0	0.5913170576095581
1	0.15906445682048798
2	0.12601274251937866
3	0.09753935039043427
4	0.08114418387413025
5	0.06891708821058273
6	0.06020655110478401
7	0.05379476770758629
8	0.049014754593372345
