step	loss
0	0.2758162021636963
1	0.08504807949066162
2	0.06901689618825912
3	0.05722483992576599
4	0.048947956413030624
5	0.04322078078985214
6	0.03873268514871597
7	0.035577885806560516
8	0.032950691878795624
