step	loss
0	0.324190229177475
1	0.0815758928656578
2	0.06082380935549736
3	0.04931830242276192
4	0.0420733205974102
5	0.03695666044950485
6	0.033074088394641876
7	0.03029499016702175
8	0.028116287663578987
9	0.026311850175261497
