step	loss
0	0.8147059679031372
1	0.10592248290777206
2	0.08223225176334381
3	0.06461130082607269
4	0.05355265364050865
5	0.04572503641247749
6	0.03983116149902344
7	0.03558875992894173
8	0.03241993859410286
