step	train/loss
0	0.4242251515388489
1	0.08576907217502594
2	0.06157431751489639
3	0.0504017174243927
4	0.04187166690826416
5	0.036450233310461044
6	0.03222597762942314
7	0.028496338054537773
8	0.025814374908804893
