step	loss
0	0.2196352332830429
1	0.06723383069038391
2	0.0520191565155983
3	0.043644193559885025
4	0.03819826990365982
5	0.03415250778198242
6	0.0311213880777359
7	0.028796110302209854
8	0.027013704180717468
