step	loss
0	0.40736186504364014
1	0.13820433616638184
2	0.11807209998369217
3	0.09712275862693787
4	0.07905956357717514
5	0.06633111834526062
6	0.05688520893454552
7	0.05004424601793289
8	0.04485360532999039
9	0.04086025059223175
10	0.037750277668237686
