step	loss
0	0.3228670358657837
1	0.07860654592514038
2	0.05830651521682739
3	0.04757055640220642
4	0.040873851627111435
5	0.035995811223983765
6	0.03231203928589821
7	0.029637308791279793
8	0.027510883286595345
