step	loss
0	4.8272504806518555
1	0.09670335799455643
2	0.0678405836224556
3	0.05262572690844536
4	0.044064853340387344
5	0.037476297467947006
6	0.03266539424657822
7	0.02882474847137928
8	0.026167014613747597
