step	loss
0	0.27915066480636597
1	0.08181295543909073
2	0.06455156207084656
3	0.05461466312408447
4	0.0475073866546154
5	0.04217009246349335
6	0.03854023665189743
7	0.03604212775826454
8	0.03409894183278084
