step	loss
0	1.4280471801757812
1	0.5923082232475281
2	0.44284090399742126
3	0.32506275177001953
4	0.25915777683258057
5	0.21364553272724152
6	0.18181830644607544
7	0.15855936706066132
8	0.14119978249073029
