step	loss
0	0.1698949933052063
1	0.10447953641414642
2	0.0767970085144043
3	0.06533314287662506
4	0.05619467422366142
5	0.048325374722480774
6	0.04321993887424469
7	0.03900424391031265
8	0.036113884299993515
