step	loss
0	0.3339494466781616
1	0.07384110987186432
2	0.05589582771062851
3	0.04507606849074364
4	0.03804990276694298
5	0.03328628093004227
6	0.0298798568546772
7	0.027310987934470177
8	0.025298964232206345
