step	train/loss
0	1.0015716552734375
1	0.10505650192499161
2	0.07626713812351227
3	0.0606592558324337
4	0.04933733865618706
5	0.04256625846028328
6	0.03703697770833969
7	0.03282277658581734
8	0.029628027230501175
