step	loss
0	0.4785160720348358
1	0.11298714578151703
2	0.08818038552999496
3	0.0704592689871788
4	0.058626070618629456
5	0.05050994083285332
6	0.04441644623875618
7	0.03998894616961479
8	0.03651617839932442
