step	train/loss
0	0.4251907467842102
1	0.08592808991670609
2	0.0617205947637558
3	0.0505371168255806
4	0.041919413954019547
5	0.03650710731744766
6	0.0323239229619503
7	0.028622401878237724
8	0.02594890259206295
