step	loss
0	0.3890049457550049
1	0.06771064549684525
2	0.04799234867095947
3	0.039380915462970734
