step	loss
0	1.8988301753997803
1	0.13499538600444794
2	0.09321048110723495
3	0.06753473728895187
4	0.05313193425536156
5	0.0433928444981575
6	0.03638210892677307
7	0.030983060598373413
8	0.026850787922739983
