step	loss
0	0.21963506937026978
1	0.06723379343748093
2	0.05201847851276398
3	0.04364404454827309
4	0.03819815069437027
5	0.03415129706263542
6	0.031121082603931427
7	0.028795385733246803
8	0.027012694627046585
