step	loss
0	0.5425076484680176
1	0.1165936142206192
2	0.09034647047519684
3	0.07043800503015518
4	0.058274637907743454
5	0.04990378022193909
6	0.043880708515644073
7	0.03945442661643028
8	0.036101944744586945
