step	loss
0	0.32265567779541016
1	0.07895424216985703
2	0.06152288243174553
3	0.04932600259780884
4	0.04184266924858093
5	0.03664148971438408
6	0.032596245408058167
7	0.029629534110426903
8	0.027298474684357643
9	0.02536994405090809
10	0.02381332591176033
