step	loss
0	0.7380135655403137
1	0.1501810997724533
2	0.1185416728258133
3	0.09134893119335175
4	0.0733582004904747
5	0.06168508529663086
6	0.05335070937871933
7	0.04746198281645775
8	0.04293113574385643
