step	loss
0	0.3341357111930847
1	0.07366452366113663
2	0.05632801726460457
3	0.04627338424324989
4	0.039643071591854095
5	0.03505194932222366
6	0.031550612300634384
7	0.029015416279435158
8	0.027145493775606155
