step	loss
0	0.8147060871124268
1	0.10592322051525116
2	0.0822337195277214
3	0.06461331248283386
4	0.053554270416498184
5	0.045728899538517
6	0.03983501344919205
7	0.03559151291847229
8	0.032421838492155075
