step	loss
0	0.3226553797721863
1	0.0789538323879242
2	0.061521466821432114
3	0.049325816333293915
4	0.041844721883535385
5	0.036643680185079575
6	0.03259802237153053
7	0.02963641658425331
8	0.027301384136080742
9	0.025372331961989403
10	0.023813148960471153
