step	train/loss
0	2.4803695678710938
1	0.12043692916631699
2	0.08942549675703049
3	0.07099941372871399
4	0.05795485898852348
5	0.04865958169102669
6	0.04157137870788574
7	0.036588940769433975
8	0.03322746977210045
