step	loss
0	0.3333047330379486
1	0.07671146094799042
2	0.05443622171878815
3	0.04263488948345184
4	0.035422686487436295
5	0.03059065341949463
6	0.027132272720336914
7	0.024139882996678352
8	0.02206878550350666
