step	train/loss
0	0.3341215252876282
1	0.07543007284402847
2	0.04961373656988144
