step	train/loss
0	0.2533193826675415
1	0.08020240068435669
2	0.059648558497428894
3	0.05159641429781914
4	0.042335525155067444
5	0.03682027757167816
6	0.03267652541399002
7	0.029150988906621933
8	0.02673182263970375
