step	loss
0	0.32418933510780334
1	0.08227582275867462
2	0.06457754224538803
3	0.052496396005153656
4	0.04424448311328888
5	0.03857596963644028
6	0.034846920520067215
7	0.03167460486292839
8	0.02906470000743866
9	0.026792963966727257
10	0.02492353692650795
11	0.023392220959067345
12	0.0219571515917778
13	0.020801618695259094
14	0.01977912336587906
15	0.018893051892518997
