step	loss
0	0.7036228775978088
1	0.0802728608250618
2	0.06671825051307678
3	0.0659794807434082
4	0.06588760763406754
5	0.05586680769920349
6	0.0467645488679409
7	0.039305370301008224
8	0.033567190170288086
