step	train/loss
0	0.3341215252876282
1	0.10632263869047165
2	0.07709251344203949
3	0.057847198098897934
