step	loss
0	0.830086886882782
1	0.09322930127382278
2	0.06712283194065094
3	0.05142122134566307
4	0.0419745109975338
5	0.03570174798369408
6	0.031228169798851013
7	0.027456341311335564
8	0.02469918504357338
