step	loss
0	0.38817399740219116
1	0.06797745078802109
2	0.04873339459300041
3	0.038481708616018295
4	0.03218851238489151
5	0.028073914349079132
6	0.02523840218782425
