step	loss
0	0.323860764503479
1	0.08164063841104507
2	0.06180482730269432
3	0.04931340366601944
4	0.04120255261659622
5	0.03628794103860855
6	0.032480645924806595
7	0.029709428548812866
8	0.02757701650261879
