step	loss
0	0.29627177119255066
1	0.07718893140554428
2	0.06024770811200142
3	0.049664340913295746
4	0.043221019208431244
5	0.039096321910619736
6	0.03615378588438034
7	0.033445145934820175
8	0.031179606914520264
