step	loss
0	8.953299522399902
1	0.41037559509277344
2	0.22768570482730865
3	0.15747162699699402
4	0.11865290999412537
5	0.09394995123147964
6	0.07720669358968735
7	0.06515368074178696
8	0.056153640151023865
