step	train/loss
0	0.3341215252876282
1	0.10625775903463364
2	0.07707604765892029
3	0.0578349344432354
