step	loss
0	0.33394941687583923
1	0.07384107261896133
2	0.05589688941836357
3	0.04508068040013313
4	0.038054414093494415
5	0.03328648954629898
6	0.029880115762352943
7	0.027308208867907524
8	0.025296378880739212
