step	loss
0	0.3890049457550049
1	0.06931070238351822
2	0.05049288272857666
3	0.03975270316004753
4	0.033818986266851425
5	0.02987733669579029
6	0.02759302407503128
7	0.0250450000166893
8	0.02282644994556904
9	0.020898932591080666
10	0.019233735278248787
11	0.017672358080744743
12	0.016435980796813965
