step	loss
0	0.37437573075294495
1	0.14316147565841675
2	0.10648830980062485
3	0.0809113010764122
4	0.06581476330757141
5	0.05547082796692848
6	0.04837574437260628
7	0.04375778138637543
8	0.03972513601183891
