step	loss
0	1.9354921579360962
1	0.10357965528964996
2	0.08673437684774399
3	0.07142752408981323
4	0.05888323858380318
5	0.04924948513507843
6	0.04251473397016525
7	0.03754403442144394
8	0.03364802524447441
