step	loss
0	0.7328876852989197
1	0.13754801452159882
2	0.08874376118183136
3	0.06361548602581024
4	0.049637604504823685
5	0.04077669978141785
6	0.034667063504457474
7	0.02976289950311184
8	0.026377717033028603
