step	loss
0	0.3341215252876282
1	0.10619334131479263
2	0.07705698162317276
3	0.05781709775328636
