step	loss
0	0.3226555287837982
1	0.07895401120185852
2	0.06152232736349106
3	0.049323033541440964
4	0.04183972626924515
5	0.036639321595430374
6	0.03259328007698059
7	0.029631705954670906
8	0.027298955246806145
9	0.025373253971338272
10	0.023818233981728554
