step	loss
0	0.2196352332830429
1	0.06723401695489883
2	0.05201809108257294
3	0.043642494827508926
4	0.038197699934244156
5	0.03415371850132942
6	0.031125053763389587
7	0.028798213228583336
8	0.027013616636395454
