step	loss
0	0.4445679485797882
1	0.11150223016738892
2	0.07089444994926453
3	0.052289873361587524
4	0.04192766919732094
5	0.03468852862715721
6	0.030021613463759422
7	0.026267001405358315
8	0.023301448673009872
