step	loss
0	0.2838098406791687
1	0.0968589186668396
2	0.0773404985666275
3	0.06094740331172943
4	0.051751308143138885
5	0.04588482901453972
6	0.0413077287375927
7	0.03769418224692345
8	0.03500356525182724
