step	loss
0	0.32265570759773254
1	0.0789538025856018
2	0.06152210757136345
3	0.04932119697332382
4	0.04183715581893921
5	0.03663492202758789
6	0.032589804381132126
7	0.029630007222294807
8	0.027298832312226295
9	0.02537188120186329
10	0.023815758526325226
