step	loss
0	0.3507416248321533
1	0.12079232931137085
2	0.07748889178037643
3	0.05694244056940079
4	0.04511108994483948
5	0.03715509921312332
6	0.03148144856095314
7	0.026975611224770546
8	0.023912644013762474
