step	loss
0	0.3507416248321533
1	0.12186633050441742
2	0.0819120928645134
3	0.06045845150947571
4	0.04736814275383949
5	0.03882232680916786
6	0.03330223262310028
7	0.02874051406979561
8	0.025198549032211304
9	0.02231300063431263
10	0.01999332569539547
11	0.018073253333568573
12	0.01651938632130623
