step	loss
0	0.5542961955070496
1	0.09772691130638123
2	0.07499872148036957
3	0.06048407033085823
4	0.051156990230083466
5	0.044588878750801086
6	0.03807907924056053
7	0.03281890228390694
8	0.02871641330420971
