step	loss
0	0.3511352241039276
1	0.07449971139431
2	0.05379786714911461
3	0.043506089597940445
4	0.03697372227907181
5	0.03300119936466217
6	0.02966044843196869
7	0.026823634281754494
8	0.02454080432653427
