step	loss
0	0.3226557970046997
1	0.07696028798818588
2	0.056944940239191055
3	0.045335959643125534
4	0.038676902651786804
5	0.03447750583291054
