step	loss
0	0.18660178780555725
1	0.07104342430830002
2	0.05603872612118721
3	0.0468013733625412
4	0.04014439880847931
5	0.035803619772195816
6	0.032430388033390045
7	0.030010145157575607
8	0.027989670634269714
