step	loss
0	3.500537395477295
1	0.09258700162172318
2	0.08452338725328445
3	0.06391846388578415
4	0.051468752324581146
5	0.04359879344701767
6	0.03773312270641327
7	0.03321538865566254
8	0.029964033514261246
