step	loss
0	0.3205040693283081
1	0.08241140842437744
2	0.062035731971263885
3	0.04995721951127052
4	0.04214024171233177
5	0.03674982115626335
6	0.032757554203271866
7	0.03001178242266178
8	0.027793169021606445
