step	loss
0	2.0236899852752686
1	0.1337875872850418
2	0.09051372110843658
3	0.0672285184264183
4	0.05375860631465912
5	0.04442982375621796
6	0.03776128217577934
7	0.03275427967309952
8	0.02895224653184414
