step	loss
0	0.8452678322792053
1	0.09663285315036774
2	0.06911200284957886
3	0.054153699427843094
4	0.04482979699969292
5	0.0383518785238266
6	0.03381556272506714
7	0.030092643573880196
8	0.027262184768915176
