step	train/loss
0	0.41739585995674133
1	0.0710865706205368
2	0.05440322682261467
3	0.044822923839092255
4	0.038027819246053696
5	0.03345044329762459
6	0.02977798320353031
7	0.02671123296022415
8	0.02432658150792122
