step	loss
0	0.3558305501937866
1	0.07593555748462677
2	0.05882200598716736
3	0.04710807278752327
4	0.04018667712807655
5	0.03614592179656029
6	0.03284670040011406
7	0.030131395906209946
8	0.028011007234454155
