step	loss
0	0.6234894394874573
1	0.09966976195573807
2	0.0770280584692955
3	0.06054459512233734
4	0.04981623589992523
5	0.042423926293849945
6	0.03731364384293556
7	0.033552754670381546
8	0.030718522146344185
