step	loss
0	49024.98828125
1	86.25889587402344
2	39.718196868896484
3	24.315876007080078
4	24.27329444885254
5	17.769046783447266
6	13.509732246398926
7	10.541125297546387
8	8.379555702209473
