step	train/loss
0	0.7687515020370483
1	0.08683095127344131
2	0.06672210246324539
3	0.05290084704756737
4	0.04340168833732605
5	0.03753439709544182
6	0.03355492278933525
7	0.030201280489563942
8	0.027621809393167496
