step	loss
0	0.5791987776756287
1	0.09554814547300339
2	0.06531074643135071
3	0.050291262567043304
4	0.03932686522603035
5	0.03147260472178459
6	0.025740671902894974
7	0.021470915526151657
8	0.01826169528067112
9	0.015779512003064156
10	0.013819567859172821
