step	loss
0	0.32418936491012573
1	0.08177239447832108
2	0.061756640672683716
3	0.049588073045015335
4	0.042159780859947205
5	0.03683700039982796
6	0.03284239396452904
7	0.02973593771457672
8	0.027316812425851822
9	0.02536698244512081
10	0.023861363530158997
