step	loss
0	3.502976179122925
1	0.09716133773326874
2	0.1399388611316681
3	0.10936692357063293
4	0.0896356850862503
5	0.0741935521364212
6	0.06300262361764908
7	0.05451401323080063
8	0.04861940070986748
