step	loss
0	0.4432379901409149
1	0.07992210984230042
2	0.06240804120898247
3	0.05081253498792648
4	0.042934052646160126
5	0.037641413509845734
6	0.03392497077584267
7	0.030887942761182785
8	0.028672734275460243
