step	train/loss
0	1.003610372543335
1	0.08607486635446548
2	0.06079010292887688
3	0.04857628792524338
4	0.04009522497653961
5	0.03442726284265518
6	0.02994144707918167
7	0.026492109522223473
8	0.02374456264078617
