step	loss
0	0.4462202787399292
1	0.097401924431324
2	0.07833460718393326
3	0.06188146024942398
4	0.05256076529622078
5	0.045852016657590866
6	0.040975913405418396
7	0.03731342405080795
8	0.03418530151247978
