step	loss
0	0.7328876852989197
1	0.1375488042831421
2	0.08874206990003586
3	0.06360436230897903
4	0.04958418756723404
5	0.040704499930143356
6	0.0345977246761322
7	0.02970484457910061
8	0.026317451149225235
