step	loss
0	0.5534214973449707
1	0.0749877542257309
2	0.05242003872990608
3	0.041363831609487534
4	0.03382929414510727
5	0.028538778424263
6	0.024515457451343536
7	0.021179482340812683
8	0.018475335091352463
9	0.016313627362251282
10	0.01460230816155672
