step	loss
0	0.32529646158218384
1	0.08328820019960403
2	0.06387590616941452
3	0.05106865614652634
4	0.04329199343919754
5	0.038158953189849854
6	0.034033212810754776
7	0.031012266874313354
8	0.02861003391444683
