step	loss
0	0.1743154525756836
1	0.03197315335273743
2	0.026246586814522743
3	0.0234521497040987
4	0.02079627849161625
5	0.019099673256278038
6	0.019960561767220497
7	0.0201904084533453
8	0.018947729840874672
9	0.01711883768439293
10	0.015279829502105713
11	0.014214362017810345
12	0.012845166027545929
13	0.011676600202918053
14	0.010724164545536041
15	0.009916269220411777
16	0.009241088293492794
17	0.008661503903567791
18	0.008344607427716255
19	0.008031221106648445
20	0.007740557659417391
