step	loss
0	1.0205633640289307
1	0.27776533365249634
2	0.17957912385463715
3	0.13622920215129852
4	0.10309278964996338
5	0.08174581825733185
6	0.06722152978181839
7	0.056763965636491776
8	0.04948147013783455
