step	loss
0	0.3341357111930847
1	0.07366452366113663
2	0.056328173726797104
3	0.04627283662557602
4	0.039643216878175735
5	0.03505354002118111
6	0.0315510630607605
7	0.02901548519730568
8	0.027144603431224823
