step	loss
0	0.4171768128871918
1	0.07103436440229416
2	0.05412096157670021
3	0.04455924034118652
4	0.03775368630886078
5	0.03316699340939522
6	0.029437104240059853
7	0.02638368122279644
8	0.024106452241539955
