step	loss
0	4.635252952575684
1	0.11231354624032974
2	0.07627441734075546
3	0.058152634650468826
4	0.0470285601913929
5	0.03966996446251869
6	0.034629810601472855
7	0.03053327277302742
8	0.02760080248117447
