step	loss
0	1.7215303182601929
1	0.07618876546621323
2	0.05525299906730652
3	0.04527106508612633
4	0.038427725434303284
5	0.032747603952884674
6	0.028839899227023125
7	0.02548183687031269
8	0.02301468886435032
