step	loss
0	2.288560152053833
1	0.09855742752552032
2	0.07025758177042007
3	0.056530486792325974
4	0.04694928601384163
5	0.04021288827061653
6	0.03524431586265564
7	0.03155439347028732
8	0.028655581176280975
