step	loss
0	0.32418927550315857
1	0.07955705374479294
2	0.05694882571697235
3	0.046153273433446884
4	0.03968912735581398
5	0.03533046692609787
