step	loss
0	0.8020078539848328
1	0.11297371238470078
2	0.07145793735980988
3	0.054276127368211746
4	0.043995264917612076
5	0.03689415007829666
6	0.03189215809106827
7	0.02750718593597412
8	0.024029219523072243
9	0.02105211839079857
10	0.0185728557407856
11	0.016538480296730995
12	0.01488050352782011
