step	loss
0	0.3341313898563385
1	0.07366162538528442
2	0.05632511526346207
3	0.04627188295125961
4	0.039642252027988434
5	0.03505011275410652
6	0.031547050923109055
7	0.02901170402765274
8	0.027141200378537178
