step	loss
0	0.26172083616256714
1	0.05920279398560524
2	0.04246581718325615
3	0.03361932188272476
4	0.02916429191827774
5	0.025358349084854126
6	0.02195373922586441
7	0.019200511276721954
8	0.016871538013219833
9	0.015007750131189823
10	0.013456040993332863
