step	loss
0	0.417097806930542
1	0.07424737513065338
2	0.05711871385574341
3	0.045844435691833496
4	0.03874312341213226
5	0.03404504433274269
6	0.030475817620754242
7	0.02768842689692974
8	0.02555321715772152
