step	train/loss
0	0.3393651843070984
1	0.1204913929104805
2	0.09409814327955246
3	0.07225750386714935
4	0.05993620306253433
5	0.05189555883407593
6	0.04516742378473282
7	0.040069930255413055
8	0.036421846598386765
