step	loss
0	0.21963518857955933
1	0.06723394989967346
2	0.05201847851276398
3	0.043644536286592484
4	0.03819889575242996
5	0.03415423259139061
6	0.031124459579586983
7	0.0287972092628479
8	0.027012323960661888
