step	loss
0	0.26172083616256714
1	0.05920291319489479
2	0.042453207075595856
3	0.03359735757112503
4	0.02920510806143284
5	0.02538628689944744
6	0.021957842633128166
7	0.01919635199010372
8	0.016858946532011032
9	0.014986373484134674
10	0.013436714187264442
