step	train/loss
0	0.9401618838310242
1	0.12634535133838654
2	0.08815117925405502
3	0.06741562485694885
4	0.054558489471673965
5	0.04596926271915436
6	0.04007681831717491
7	0.03567865118384361
8	0.032279886305332184
