step	train/loss
0	48.00200653076172
1	0.15223319828510284
2	0.11146177351474762
3	0.08177036792039871
4	0.0648605078458786
5	0.05356297641992569
6	0.04590437561273575
7	0.04016360267996788
8	0.03556625545024872
