step	train/loss
0	1.0030900239944458
1	0.0860668197274208
2	0.058948446065187454
3	0.047287650406360626
4	0.04115860536694527
5	0.03615483269095421
6	0.03172069787979126
7	0.028012065216898918
8	0.025208933278918266
