step	train/loss
0	0.417074054479599
1	0.0710582509636879
2	0.05412635952234268
3	0.04457945376634598
4	0.0378107950091362
5	0.03323721885681152
6	0.029501542448997498
7	0.026445012539625168
8	0.024145953357219696
