step	train/loss
0	0.3341215252876282
1	0.12339556217193604
