step	loss
0	0.3341357111930847
1	0.07366453111171722
2	0.05632811784744263
3	0.04627462849020958
4	0.039645250886678696
5	0.03505394980311394
6	0.031552284955978394
7	0.02901669219136238
8	0.027146516367793083
