step	loss
0	0.3226560652256012
1	0.07895393669605255
2	0.06152276694774628
3	0.049324724823236465
4	0.04184131696820259
5	0.03664087504148483
6	0.03259428218007088
7	0.029631245881319046
8	0.027298662811517715
9	0.025370996445417404
10	0.02381393127143383
