step	train/loss
0	0.3341215252876282
1	0.07543190568685532
2	0.049609266221523285
