step	loss
0	1.6055443286895752
1	0.11391892284154892
2	0.07741636782884598
3	0.059404872357845306
4	0.047822967171669006
5	0.04640979692339897
6	0.041045885533094406
7	0.036459922790527344
8	0.03304416313767433
