step	loss
0	0.324189156293869
1	0.08177049458026886
2	0.061755068600177765
3	0.04958819970488548
4	0.04215986281633377
5	0.0368376225233078
6	0.03284626826643944
7	0.029741117730736732
8	0.027323920279741287
9	0.025376351550221443
10	0.023873237892985344
