step	loss
0	0.4242069721221924
1	0.085778146982193
2	0.06143135577440262
3	0.050185900181531906
4	0.04167565703392029
5	0.036300431936979294
6	0.03211495280265808
7	0.0284043587744236
8	0.0257855374366045
