step	loss
0	1.3740671873092651
1	0.08076377213001251
2	0.05467493087053299
3	0.04249382019042969
4	0.03556219860911369
5	0.030361222103238106
6	0.026354661211371422
7	0.02298925817012787
8	0.020268721505999565
9	0.018007326871156693
10	0.01620442233979702
