step	loss
0	0.40736183524131775
1	0.1382046490907669
2	0.11807263642549515
3	0.09712255746126175
4	0.07905933260917664
5	0.06633181869983673
6	0.05688612908124924
7	0.05004505813121796
8	0.04485407844185829
9	0.04086069390177727
10	0.037750426679849625
