step	train/loss
0	0.3341215252876282
1	0.10629267990589142
2	0.07707647979259491
3	0.05783887952566147
