step	train/loss
0	0.4243730902671814
1	0.0858023539185524
2	0.06134241819381714
3	0.050056442618370056
4	0.04156215488910675
5	0.03621600568294525
6	0.03206976130604744
7	0.028389301151037216
8	0.025775238871574402
