step	train/loss
0	0.2533215582370758
1	0.080144003033638
2	0.05986451357603073
3	0.05117058753967285
4	0.0419577993452549
5	0.036526720970869064
6	0.03239928185939789
7	0.0289152842015028
8	0.026590673252940178
