step	loss
0	0.3511706292629242
1	0.07452315092086792
2	0.05383581668138504
3	0.04339791461825371
4	0.036810845136642456
5	0.03273947909474373
6	0.029391445219516754
7	0.026532670482993126
8	0.024200882762670517
