step	loss
0	0.26172083616256714
1	0.05920304358005524
2	0.04245435819029808
3	0.033600401133298874
4	0.029194530099630356
5	0.02536884881556034
6	0.02192462608218193
7	0.019188659265637398
8	0.016860337927937508
9	0.014986972324550152
10	0.013442098163068295
