step	train/loss
0	1.00572669506073
1	0.08609470725059509
2	0.05824175849556923
3	0.09112013131380081
4	0.07247067242860794
5	0.06046045199036598
6	0.05137578770518303
7	0.043989863246679306
8	0.038592249155044556
