step	loss
0	0.4081117510795593
1	0.08043419569730759
2	0.05859348922967911
3	0.048358481377363205
4	0.04182243347167969
5	0.03716619685292244
6	0.03362860530614853
7	0.03087937831878662
8	0.028773397207260132
