step	loss
0	0.7581028342247009
1	0.13692550361156464
2	0.1003475934267044
3	0.07572048157453537
4	0.064425528049469
5	0.05416300147771835
6	0.04598713666200638
7	0.04012543708086014
8	0.03567225858569145
