step	loss
0	1.6010950803756714
1	0.07987514138221741
2	0.06115121766924858
3	0.049951065331697464
4	0.041518744081258774
5	0.03612826392054558
6	0.031762853264808655
7	0.028422240167856216
8	0.025878747925162315
