step	loss
0	0.3226560056209564
1	0.07895404100418091
2	0.06152324005961418
3	0.04932798072695732
4	0.04184531792998314
5	0.03664392977952957
6	0.03259804844856262
7	0.029633667320013046
8	0.02729957178235054
9	0.025369979441165924
10	0.02381107211112976
