step	loss
0	0.3438118100166321
1	0.13254082202911377
2	0.11074071377515793
3	0.08737277239561081
4	0.07103443145751953
5	0.05995109677314758
6	0.05217866227030754
7	0.046344127506017685
8	0.04205579310655594
