step	train/loss
0	0.4242396652698517
1	0.08573445677757263
2	0.06099759414792061
3	0.04955688491463661
4	0.04100180044770241
5	0.03576338291168213
6	0.03167547658085823
7	0.028066115453839302
8	0.025535983964800835
