step	loss
0	19.4171199798584
1	0.1332562267780304
2	0.10233382135629654
3	0.07859522849321365
4	0.06264898180961609
5	0.05327926576137543
6	0.04619761183857918
7	0.04064616560935974
8	0.036552559584379196
