step	train/loss
0	0.3341215252876282
1	0.07543909549713135
2	0.04961896315217018
