step	loss
0	0.5577705502510071
1	0.0878976434469223
2	0.05913395434617996
3	0.06106114760041237
4	0.04986831918358803
5	0.04197632148861885
6	0.03566434606909752
7	0.03060099110007286
8	0.026363324373960495
9	0.022904250770807266
10	0.020186621695756912
