step	loss
0	0.3893815577030182
1	0.06756256520748138
2	0.048527009785175323
3	0.038702089339494705
4	0.032566823065280914
5	0.02972722426056862
6	0.026540063321590424
7	0.023886367678642273
8	0.021848049014806747
