step	loss
0	1.2846263647079468
1	0.10494852066040039
2	0.07380520552396774
3	0.055437106639146805
4	0.044826410710811615
5	0.03848245367407799
6	0.03338548541069031
7	0.029773002490401268
8	0.027063313871622086
