step	loss
0	0.21963515877723694
1	0.06723401695489883
2	0.052018310874700546
3	0.0436430424451828
4	0.03819693997502327
5	0.03415047004818916
6	0.031118521466851234
7	0.02879357524216175
8	0.027010181918740273
