step	loss
0	0.6238069534301758
1	0.19066601991653442
2	0.1276944875717163
3	0.09797068685293198
4	0.07759764045476913
5	0.06355277448892593
6	0.0536985844373703
7	0.046354856342077255
8	0.04076850041747093
