step	loss
0	0.32265546917915344
1	0.07895415276288986
2	0.0615227073431015
3	0.04932490736246109
4	0.04184059798717499
5	0.036639001220464706
6	0.03259313851594925
7	0.02963140420615673
8	0.02729916386306286
9	0.02537183277308941
10	0.023815009742975235
