step	train/loss
0	2.5625481605529785
1	0.11275354772806168
2	0.07769443839788437
3	0.1004781499505043
4	0.08444478362798691
5	0.07094278931617737
6	0.06121426820755005
7	0.0540412962436676
8	0.048220884054899216
