step	train/loss
0	0.42482370138168335
1	0.08593783527612686
2	0.06174198538064957
3	0.05051073059439659
4	0.04184994474053383
5	0.03643200173974037
6	0.03224855288863182
7	0.028564689680933952
8	0.025900457054376602
