step	loss
0	0.38817399740219116
1	0.06797712296247482
2	0.04874086007475853
3	0.03849075734615326
4	0.03221539407968521
5	0.028102273121476173
6	0.025266453623771667
