step	loss
0	0.9274051785469055
1	0.0925978347659111
2	0.06959252059459686
3	0.06473436951637268
4	0.06391362100839615
5	0.056477345526218414
6	0.04931152984499931
7	0.04314061626791954
8	0.038903091102838516
