step	train/loss
0	4.24236536026001
1	0.13798250257968903
2	0.10010012984275818
3	0.0795912817120552
4	0.0653262734413147
5	0.05525488406419754
6	0.04852636158466339
7	0.04322509840130806
8	0.03903111070394516
