step	loss
0	0.28848955035209656
1	0.08144009858369827
2	0.0664113238453865
3	0.057708192616701126
4	0.0505145899951458
5	0.04509112238883972
6	0.041071511805057526
7	0.03824998438358307
8	0.03583609312772751
