step	loss
0	0.4073618948459625
1	0.1382046490907669
2	0.11807260662317276
3	0.09712329506874084
4	0.07905997335910797
5	0.06633079797029495
6	0.056884802877902985
7	0.0500432513654232
8	0.04485129937529564
9	0.04085784777998924
10	0.03774670138955116
