step	loss
0	0.32418936491012573
1	0.08177094906568527
2	0.061755936592817307
3	0.04958778992295265
4	0.04216022044420242
5	0.036835432052612305
6	0.03284113481640816
7	0.029734162613749504
8	0.02731461450457573
9	0.025364451110363007
10	0.02385840192437172
