step	train/loss
0	5.037418842315674
1	0.11272282153367996
2	0.09037090092897415
3	0.07623600959777832
4	0.06386193633079529
5	0.05434996634721756
6	0.04729671776294708
7	0.041556909680366516
8	0.037505634129047394
