step	loss
0	0.4073617458343506
1	0.1382039338350296
2	0.11807185411453247
3	0.09712211042642593
4	0.0790594220161438
5	0.06633128970861435
6	0.05688529461622238
7	0.05004377290606499
8	0.044852349907159805
9	0.0408589169383049
10	0.03774818405508995
