step	train/loss
0	1.5521080493927002
1	0.14494799077510834
2	0.09794726222753525
3	0.07161800563335419
4	0.05831317603588104
5	0.049753185361623764
6	0.04348108917474747
7	0.03919573128223419
8	0.03589325025677681
