step	loss
0	0.4159265458583832
1	0.11560691148042679
2	0.0960385724902153
3	0.07702271640300751
4	0.06362593919038773
5	0.05430207401514053
6	0.047950293868780136
7	0.0433371476829052
8	0.03974858298897743
