step	loss
0	0.5160717368125916
1	1.0879610776901245
2	0.5601516962051392
3	0.36774083971977234
4	0.2661098539829254
5	0.20467641949653625
6	0.16382034122943878
7	0.1349506825208664
8	0.1136738732457161
