step	loss
0	0.3223409652709961
1	0.07968050241470337
2	0.058712080121040344
3	0.04756040498614311
4	0.04012787342071533
5	0.03518802672624588
6	0.031422652304172516
7	0.028621703386306763
8	0.02650851011276245
