step	loss
0	0.19088803231716156
1	0.045588474720716476
2	0.033672042191028595
3	0.02857004664838314
4	0.02501956932246685
5	0.021612612530589104
6	0.018795207142829895
7	0.016444530338048935
8	0.014939487911760807
