step	loss
0	0.32419633865356445
1	0.08131299167871475
2	0.05959797650575638
3	0.04763238504528999
4	0.04052640497684479
5	0.03557555750012398
6	0.031902965158224106
7	0.029237039387226105
8	0.02716629020869732
