step	loss
0	0.7014140486717224
1	0.13959665596485138
2	0.11530012637376785
3	0.09096094965934753
4	0.07390677183866501
5	0.06222829595208168
6	0.05398854613304138
7	0.04794921725988388
8	0.043461427092552185
