step	train/loss
0	0.3341215252876282
1	0.0754384770989418
2	0.04961903765797615
