step	train/loss
0	0.3341215252876282
1	0.0754314586520195
2	0.049607109278440475
