step	loss
0	0.33760905265808105
1	0.07509653270244598
2	0.0613994225859642
3	0.04913093149662018
4	0.044103264808654785
5	0.04021651670336723
6	0.036824073642492294
7	0.03430352360010147
8	0.032296765595674515
