step	train/loss
0	1.5757842063903809
1	0.167507603764534
2	0.11751393973827362
3	0.08793152868747711
4	0.0702277198433876
5	0.059348300099372864
6	0.051036570221185684
7	0.04511471837759018
8	0.040412671864032745
