step	train/loss
0	5.037332057952881
1	0.11197897791862488
2	0.08498624712228775
3	0.06970112770795822
4	0.05643478408455849
5	0.048297587782144547
6	0.04247821494936943
7	0.03771762549877167
8	0.03435621038079262
