step	loss
0	0.3507416248321533
1	0.12186609953641891
2	0.08191118389368057
3	0.060453444719314575
4	0.04735945165157318
5	0.038915082812309265
6	0.03386097401380539
7	0.02964288927614689
8	0.026147911325097084
9	0.023204360157251358
10	0.02083057537674904
11	0.018848180770874023
12	0.017254043370485306
