step	train/loss
0	0.32977214455604553
1	0.07367341965436935
2	0.05454330891370773
3	0.04498209059238434
4	0.037657540291547775
5	0.03307075798511505
6	0.029559776186943054
7	0.026426192373037338
8	0.024307632818818092
