step	train/loss
0	5.03788948059082
1	0.112617127597332
2	0.08851826936006546
3	0.07378567010164261
4	0.059299107640981674
5	0.050730664283037186
6	0.044601909816265106
7	0.039649270474910736
8	0.03604486584663391
