step	loss
0	0.9045126438140869
1	0.05594640597701073
2	0.05622030049562454
3	0.04833895340561867
4	0.03952294960618019
5	0.03370987996459007
6	0.02965332567691803
7	0.026331545785069466
8	0.023895280435681343
