step	loss
0	0.3327004611492157
1	0.07833655923604965
2	0.06122007966041565
3	0.050262339413166046
4	0.043106675148010254
5	0.03804650157690048
6	0.03414461389183998
7	0.031359393149614334
8	0.02929670177400112
