step	loss
0	0.4641396403312683
1	0.11513056606054306
2	0.09341086447238922
3	0.07333741337060928
4	0.06072578951716423
5	0.051778264343738556
6	0.04538485035300255
7	0.04058981314301491
8	0.03715108335018158
