step	loss
0	0.2573399841785431
1	0.06621386110782623
2	0.05016056448221207
3	0.043985623866319656
4	0.038693323731422424
5	0.035018112510442734
