step	loss
0	0.3341357111930847
1	0.07366452366113663
2	0.05632802098989487
3	0.046273648738861084
4	0.039643317461013794
5	0.035052355378866196
6	0.03155132383108139
7	0.029016120359301567
8	0.027146078646183014
