step	loss
0	0.3240724802017212
1	0.08023328334093094
2	0.060012057423591614
3	0.04880055412650108
4	0.04134923964738846
5	0.03632718697190285
6	0.03266308456659317
7	0.02990841679275036
8	0.027853388339281082
