step	loss
0	0.3507416248321533
1	0.12079153954982758
2	0.07748693227767944
3	0.056933384388685226
4	0.045113008469343185
5	0.03714822605252266
6	0.03147512674331665
7	0.02696773037314415
8	0.023905256763100624
