step	loss
0	0.28253406286239624
1	0.08448133617639542
2	0.06404798477888107
3	0.0524514764547348
4	0.044624827802181244
5	0.03955856338143349
6	0.03590467944741249
7	0.03284117579460144
8	0.03033825010061264
9	0.028533373028039932
10	0.02688889391720295
