step	seg_loss
0	3.82048
1	3.38395
2	2.11573
3	1.86168
4	1.74777
5	1.62278
6	1.51282
7	1.38386
8	1.43346
9	1.35646
10	1.38896
11	1.33003
12	1.43877
13	1.39315
14	1.33729
15	1.30626
16	1.24158
17	1.23387
18	1.25937
19	1.25601
20	1.21893
21	1.1437
22	1.10952
23	1.1878
24	1.13574
25	1.08851
26	1.09735
27	1.0999
28	1.04628
29	1.02021
