{
    "train": {
        "loss": 0.04961373656988144
    },
    "eval": {
        "loss": 0.029151340946555138
    },
    "dice_multi": 0.8862745542567272,
    "step": 2
}