{
    "train": {
        "loss": 0.03304416313767433
    },
    "eval": {
        "loss": 0.016062552109360695
    },
    "dice_multi": 0.8997336177828745,
    "step": 8
}