{
    "train": {
        "loss": 0.02895224653184414
    },
    "eval": {
        "loss": 0.01866968534886837
    },
    "dice_multi": 0.899875679722639,
    "step": 8
}
