{
    "train": {
        "loss": 0.043461427092552185
    },
    "eval": {
        "loss": 0.025175416842103004
    },
    "dice_multi": 0.8917905542129072,
    "step": 8
}
