{
    "train": {
        "loss": 0.03583609312772751
    },
    "eval": {
        "loss": 0.01983998902142048
    },
    "dice_multi": 0.9008439798422063,
    "step": 8,
    "evaluate/dice_multi": 0.8660085380646254
}