{
    "train": {
        "loss": 0.027146078646183014
    },
    "eval": {
        "loss": 0.02592688426375389
    },
    "dice_multi": 0.870310183500749,
    "step": 8
}
