{
    "train": {
        "loss": 0.027144603431224823
    },
    "eval": {
        "loss": 0.02591952495276928
    },
    "dice_multi": 0.8703701571030581,
    "step": 8
}
