{
    "train": {
        "loss": 0.019151488319039345
    },
    "eval": {
        "loss": 0.029605239629745483
    },
    "dice_multi": 0.8563485246105067,
    "step": 8
}
