{
    "train": {
        "loss": 0.04293113574385643
    },
    "eval": {
        "loss": 0.020465565845370293
    },
    "dice_multi": 0.8967608684219334,
    "step": 8,
    "evaluate/dice_multi": 0.8751709265901912
}
