{
    "train": {
        "loss": 0.03088248521089554
    },
    "eval": {
        "loss": 0.02858489565551281
    },
    "dice_multi": 0.8634529873760248,
    "step": 8
}
