{
    "train": {
        "loss": 0.02757701650261879
    },
    "eval": {
        "loss": 0.02525826171040535
    },
    "dice_multi": 0.890823607730554,
    "step": 8
}
