{
    "train": {
        "loss": 0.03774537146091461
    },
    "eval": {
        "loss": 0.02503005787730217
    },
    "dice_multi": 0.8825541028849367,
    "step": 10
}
