{
    "train": {
        "loss": 0.027013616636395454
    },
    "eval": {
        "loss": 0.019308941438794136
    },
    "dice_multi": 0.9232316449465168,
    "step": 8
}
