{
    "train": {
        "loss": 0.04205579310655594
    },
    "eval": {
        "loss": 0.035681720823049545
    },
    "dice_multi": 0.8565573674046083,
    "step": 8,
    "evaluate/dice_multi": 0.8732437598946794
}
