{
    "train": {
        "loss": 0.025775238871574402
    },
    "eval": {
        "loss": 0.02342402935028076
    },
    "dice_multi": 0.9121306824482103,
    "step": 8
}