{
    "train": {
        "loss": 0.037750277668237686
    },
    "eval": {
        "loss": 0.025026023387908936
    },
    "dice_multi": 0.8825802533141733,
    "step": 10
}
