{
    "train": {
        "loss": 0.048025354743003845
    },
    "eval": {
        "loss": 0.024253474548459053
    },
    "dice_multi": 0.8776846866196129,
    "step": 8,
    "evaluate/dice_multi": 0.8744515987616782
}
