{
    "train": {
        "loss": 0.03774818405508995
    },
    "eval": {
        "loss": 0.025031128898262978
    },
    "dice_multi": 0.8825279558615856,
    "step": 10
}
