{
    "train": {
        "loss": 0.027011170983314514
    },
    "eval": {
        "loss": 0.019304899498820305
    },
    "dice_multi": 0.9232214188155057,
    "step": 8
}
