{
    "train": {
        "loss": 0.017910320311784744
    },
    "eval": {
        "loss": 0.013357807882130146
    },
    "dice_multi": 0.9212420903941463,
    "step": 12
}