{
    "train": {
        "loss": 0.023819997906684875
    },
    "eval": {
        "loss": 0.019854292273521423
    },
    "dice_multi": 0.8922831041469524,
    "step": 10
}
