{
    "train": {
        "loss": 0.02385840192437172
    },
    "eval": {
        "loss": 0.017910679802298546
    },
    "dice_multi": 0.9210801284381372,
    "step": 10
}
