{
    "train": {
        "loss": 0.036101944744586945
    },
    "eval": {
        "loss": 0.017826536670327187
    },
    "dice_multi": 0.9128035648988385,
    "step": 8,
    "evaluate/dice_multi": 0.8642981819927422
}
