{
    "train": {
        "loss": 0.026377717033028603
    },
    "eval": {
        "loss": 0.01833437755703926
    },
    "dice_multi": 0.903486758653119,
    "step": 8
}