{
    "train": {
        "loss": 0.03418530151247978
    },
    "eval": {
        "loss": 0.025830071419477463
    },
    "dice_multi": 0.8495570898880697,
    "step": 8,
    "evaluate/dice_multi": 0.8937323392823132
}
