{
    "train": {
        "loss": 0.057847198098897934
    },
    "eval": {
        "loss": 0.02448788285255432
    },
    "dice_multi": 0.9038623643328287,
    "step": 3
}