{
    "train": {
        "box_loss": 0.88181,
        "seg_loss": 1.02021,
        "cls_loss": 0.78872,
        "dfl_loss": 0.86342
    },
    "metrics": {
        "precision(B)": 0.7525041122270217,
        "recall(B)": 0.8181818181818182,
        "mAP50(B)": 0.8435172205364774,
        "mAP50-95(B)": 0.6338798114962814,
        "precision(M)": 0.8662670063718855,
        "recall(M)": 0.8409090909090909,
        "mAP50(M)": 0.8744504525975494,
        "mAP50-95(M)": 0.6052773353038394
    },
    "val": {
        "box_loss": 0.93151,
        "seg_loss": 1.33932,
        "cls_loss": 1.2271,
        "dfl_loss": 0.89847
    },
    "step": 29
}
