{
    "train": {
        "loss": 0.05752788111567497
    },
    "eval": {
        "loss": 0.021687733009457588
    },
    "dice_multi": 0.8869727157583265,
    "step": 8,
    "evaluate/dice_multi": 0.8788769113883907
}