{
    "train": {
        "loss": 0.03371942415833473
    },
    "eval": {
        "loss": 0.021323326975107193
    },
    "dice_multi": 0.9093033236933532,
    "step": 8,
    "evaluate/dice_multi": 0.9009843449570262
}