{
    "train": {
        "loss": 0.056153640151023865
    },
    "eval": {
        "loss": 0.0185030959546566
    },
    "dice_multi": 0.8973579465855176,
    "step": 8,
    "evaluate/dice_multi": 0.8960616467919547
}