{
    "train": {
        "loss": 0.023895280435681343
    },
    "eval": {
        "loss": 0.021336901932954788
    },
    "dice_multi": 0.8892018881823479,
    "step": 8
}