{
    "train": {
        "loss": 0.026850787922739983
    },
    "eval": {
        "loss": 0.015825171023607254
    },
    "dice_multi": 0.9010281299776459,
    "step": 8
}
