{
    "train": {
        "loss": 0.032421838492155075
    },
    "eval": {
        "loss": 0.021831151098012924
    },
    "dice_multi": 0.8958235993953099,
    "step": 8
}
