{
    "train": {
        "loss": 227.23007202148438
    },
    "eval": {
        "loss": 0.04083644598722458
    },
    "dice_multi": 0.8008860199378567,
    "step": 8
}