{
    "train": {
        "loss": 0.02054128423333168
    },
    "eval": {
        "loss": 0.012487642467021942
    },
    "dice_multi": 0.9265608970078182,
    "step": 8
}
