{
    "train": {
        "loss": 0.02432658150792122
    },
    "eval": {
        "loss": 0.019516557455062866
    },
    "dice_multi": 0.9147342803098801,
    "step": 8
}