{
    "train": {
        "loss": 0.026590673252940178
    },
    "eval": {
        "loss": 0.023079844191670418
    },
    "dice_multi": 0.9036645866735462,
    "step": 8
}