{
    "train": {
        "loss": 0.028655581176280975
    },
    "eval": {
        "loss": 0.019386837258934975
    },
    "dice_multi": 0.893163909763637,
    "step": 8,
    "evaluate/dice_multi": 0.893334697045414
}