{
    "train": {
        "loss": 0.023873237892985344
    },
    "eval": {
        "loss": 0.017934024333953857
    },
    "dice_multi": 0.9210826269739965,
    "step": 10
}
