{
    "train": {
        "loss": 0.023897919803857803
    },
    "eval": {
        "loss": 0.016038063913583755
    },
    "dice_multi": 0.9292332969671977,
    "step": 16
}