{
    "train": {
        "loss": 0.013436714187264442
    },
    "eval": {
        "loss": 0.01614111103117466
    },
    "dice_multi": 0.929298736578009,
    "step": 10
}
