{
    "train": {
        "loss": 0.03500356525182724
    },
    "eval": {
        "loss": 0.02235419489443302
    },
    "dice_multi": 0.9039498270139337,
    "step": 8,
    "evaluate/dice_multi": 0.8788665673395182
}
