{
    "train": {
        "loss": 0.04961896315217018
    },
    "eval": {
        "loss": 0.029177097603678703
    },
    "dice_multi": 0.8862280377356029,
    "step": 2
}