{
    "train": {
        "loss": 0.032296765595674515
    },
    "eval": {
        "loss": 0.01982652209699154
    },
    "dice_multi": 0.9023956215987659,
    "step": 8
}