{
    "train": {
        "loss": 0.0257855374366045
    },
    "eval": {
        "loss": 0.022797705605626106
    },
    "dice_multi": 0.9121086196771835,
    "step": 8
}