{
    "train": {
        "loss": 0.014939487911760807
    },
    "eval": {
        "loss": 0.010426105000078678
    },
    "dice_multi": 0.9361146106659952,
    "step": 8
}