{
    "train": {
        "loss": 0.027146220207214355
    },
    "eval": {
        "loss": 0.025930006057024002
    },
    "dice_multi": 0.870407592388631,
    "step": 8
}
