{
    "train": {
        "loss": 0.024106452241539955
    },
    "eval": {
        "loss": 0.0186605304479599
    },
    "dice_multi": 0.9162675295427379,
    "step": 8
}