{
    "train": {
        "loss": 0.007740557659417391
    },
    "eval": {
        "loss": 0.005613326095044613
    },
    "dice_multi": 0.9684555043262726,
    "step": 20
}