{
    "train": {
        "loss": 0.01460230816155672
    },
    "eval": {
        "loss": 0.011566712521016598
    },
    "dice_multi": 0.9346414835637199,
    "step": 10
}
