{
    "train": {
        "loss": 0.033656977117061615
    },
    "eval": {
        "loss": 0.015607478097081184
    },
    "dice_multi": 0.9228701378512001,
    "step": 8,
    "evaluate/dice_multi": 0.9018637969380857
}