{
    "train": {
        "box_loss": 3.54712,
        "seg_loss": 4.73818,
        "cls_loss": 3.65689,
        "dfl_loss": 1.76442
    },
    "metrics": {
        "precision(B)": 0.0022222222222222222,
        "recall(B)": 0.17391304347826086,
        "mAP50(B)": 0.0014523060681055655,
        "mAP50-95(B)": 0.0002921025559091424,
        "precision(M)": 0.001388888888888889,
        "recall(M)": 0.10869565217391304,
        "mAP50(M)": 0.0008132064033176355,
        "mAP50-95(M)": 0.0002353238148844107
    },
    "val": {
        "box_loss": 3.67858,
        "seg_loss": 5.02746,
        "cls_loss": 3.89315,
        "dfl_loss": 1.99905
    },
    "step": 19
}
