{
    "train": {
        "loss": 0.027853388339281082
    },
    "eval": {
        "loss": 0.01396736316382885
    },
    "dice_multi": 0.9340795388735517,
    "step": 8
}
