{
    "train": {
        "loss": 0.032950691878795624
    },
    "eval": {
        "loss": 0.02129467949271202
    },
    "dice_multi": 0.8988342972271111,
    "step": 8,
    "evaluate/dice_multi": 0.8992244571181446
}
