{
    "train": {
        "loss": 0.03651617839932442
    },
    "eval": {
        "loss": 0.02753269672393799
    },
    "dice_multi": 0.8397764643997261,
    "step": 8,
    "evaluate/dice_multi": 0.88943423936704
}
