{
    "train": {
        "loss": 0.032279886305332184
    },
    "eval": {
        "loss": 0.020850764587521553
    },
    "dice_multi": 0.8947330611178892,
    "step": 8,
    "evaluate/dice_multi": 0.9210131004916314
}