{
    "train": {
        "loss": 0.02861003391444683
    },
    "eval": {
        "loss": 0.018106278032064438
    },
    "dice_multi": 0.907930965186413,
    "step": 8,
    "evaluate/dice_multi": 0.8824839706419981
}
