{
    "train": {
        "loss": 0.027145493775606155
    },
    "eval": {
        "loss": 0.025935517624020576
    },
    "dice_multi": 0.8702877192067483,
    "step": 8
}
