{
    "train": {
        "loss": 0.036552559584379196
    },
    "eval": {
        "loss": 0.025507500395178795
    },
    "dice_multi": 0.8855744850470798,
    "step": 8,
    "evaluate/dice_multi": 0.8793254705825875
}