{
    "train": {
        "loss": 0.027010181918740273
    },
    "eval": {
        "loss": 0.01930879056453705
    },
    "dice_multi": 0.9233248822864546,
    "step": 8
}
