{
    "train": {
        "loss": 0.02523840218782425
    },
    "eval": {
        "loss": 0.022704720497131348
    },
    "dice_multi": 0.8845887080097283,
    "step": 6
}