{
    "train": {
        "loss": 0.03535336256027222
    },
    "eval": {
        "loss": 0.022611383348703384
    },
    "dice_multi": 0.8795340808801984,
    "step": 8,
    "evaluate/dice_multi": 0.9069680084849342
}