{
    "train": {
        "loss": 0.02206878550350666
    },
    "eval": {
        "loss": 0.02122374251484871
    },
    "dice_multi": 0.9040072194829738,
    "step": 8
}