{
    "train": {
        "loss": 0.027063313871622086
    },
    "eval": {
        "loss": 0.020739145576953888
    },
    "dice_multi": 0.8935387031831683,
    "step": 8,
    "evaluate/dice_multi": 0.9124179863522628
}