{
    "train": {
        "loss": 0.04961903765797615
    },
    "eval": {
        "loss": 0.029142256826162338
    },
    "dice_multi": 0.8863546938180598,
    "step": 2
}