{
    "train": {
        "loss": 0.0578349344432354
    },
    "eval": {
        "loss": 0.024489501491189003
    },
    "dice_multi": 0.9038623643328287,
    "step": 3
}