{
    "train": {
        "loss": 0.035018112510442734
    },
    "eval": {
        "loss": 0.023664254695177078
    },
    "dice_multi": 0.8744787594084642,
    "step": 5
}
