{
    "train": {
        "loss": 0.025296378880739212
    },
    "eval": {
        "loss": 0.021203305572271347
    },
    "dice_multi": 0.9062010524348751,
    "step": 8
}
