{
    "train": {
        "loss": 0.025878747925162315
    },
    "eval": {
        "loss": 0.018668530508875847
    },
    "dice_multi": 0.9003102742958764,
    "step": 8
}
