{
    "train": {
        "loss": 0.006303830072283745
    },
    "eval": {
        "loss": 0.005747085902839899
    },
    "dice_multi": 0.9660157920541848,
    "step": 25
}