{
    "train": {
        "loss": 0.038903091102838516
    },
    "eval": {
        "loss": 0.029500991106033325
    },
    "dice_multi": 0.8612172001563547,
    "step": 8
}