{
    "train": {
        "loss": 0.024145953357219696
    },
    "eval": {
        "loss": 0.018599605187773705
    },
    "dice_multi": 0.9171843251767176,
    "step": 8
}