{
    "train": {
        "loss": 0.023905256763100624
    },
    "eval": {
        "loss": 0.016945641487836838
    },
    "dice_multi": 0.9103736370356799,
    "step": 8
}