{
    "train": {
        "loss": 0.013442098163068295
    },
    "eval": {
        "loss": 0.015917686745524406
    },
    "dice_multi": 0.9293399294778234,
    "step": 10
}
