{
    "train": {
        "loss": 0.03447750583291054
    },
    "eval": {
        "loss": 0.023274671286344528
    },
    "dice_multi": 0.88844869069185,
    "step": 5
}
