{
    "train": {
        "loss": 0.023818233981728554
    },
    "eval": {
        "loss": 0.019883381202816963
    },
    "dice_multi": 0.8919321307000554,
    "step": 10
}
