{
    "train": {
        "loss": 0.028011007234454155
    },
    "eval": {
        "loss": 0.025170346722006798
    },
    "dice_multi": 0.8923946870030989,
    "step": 8,
    "evaluate/dice_multi": 0.8743951973015366
}
