{
    "train": {
        "loss": 0.03589325025677681
    },
    "eval": {
        "loss": 0.01920209638774395
    },
    "dice_multi": 0.8818070581494509,
    "step": 8,
    "evaluate/dice_multi": 0.8831839122925973
}