{
    "train": {
        "loss": 0.023301448673009872
    },
    "eval": {
        "loss": 0.014317748136818409
    },
    "dice_multi": 0.9406771967066144,
    "step": 8
}