{
    "train": {
        "loss": 0.03972513601183891
    },
    "eval": {
        "loss": 0.0286102257668972
    },
    "dice_multi": 0.8588202393942572,
    "step": 8
}