{
    "train": {
        "loss": 0.02343800663948059
    },
    "eval": {
        "loss": 0.01427343301475048
    },
    "dice_multi": 0.9414684783774394,
    "step": 8
}