{
    "train": {
        "loss": 0.02673182263970375
    },
    "eval": {
        "loss": 0.02317102812230587
    },
    "dice_multi": 0.9025955509010362,
    "step": 8
}