{
    "train": {
        "loss": 0.03533046692609787
    },
    "eval": {
        "loss": 0.023488717153668404
    },
    "dice_multi": 0.9013754762213613,
    "step": 5
}
