{
    "train": {
        "loss": 0.023780180141329765
    },
    "eval": {
        "loss": 0.02222263254225254
    },
    "dice_multi": 0.9057764205946428,
    "step": 8
}