{
    "train": {
        "loss": 0.049014754593372345
    },
    "eval": {
        "loss": 0.0334971658885479
    },
    "dice_multi": 0.8787296988007685,
    "step": 8,
    "evaluate/dice_multi": 0.8902139806593259
}
