{
    "train": {
        "loss": 0.1136738732457161
    },
    "eval": {
        "loss": 0.01984250545501709
    },
    "dice_multi": 0.9012576415883633,
    "step": 8,
    "evaluate/dice_multi": 0.8928508101136824
}