{
    "train": {
        "loss": 0.03774670138955116
    },
    "eval": {
        "loss": 0.02503124810755253
    },
    "dice_multi": 0.8825325639901439,
    "step": 10
}
