{
    "train": {
        "loss": 0.03241993859410286
    },
    "eval": {
        "loss": 0.021828921511769295
    },
    "dice_multi": 0.8953787565024051,
    "step": 8
}
