{
    "train": {
        "loss": 0.027502186596393585
    },
    "eval": {
        "loss": 0.022485999390482903
    },
    "dice_multi": 0.8791266530680524,
    "step": 8
}