{
    "train": {
        "loss": 0.027013704180717468
    },
    "eval": {
        "loss": 0.0193147212266922
    },
    "dice_multi": 0.9233358205835894,
    "step": 8
}
