{
    "train": {
        "loss": 0.02716629020869732
    },
    "eval": {
        "loss": 0.01918964646756649
    },
    "dice_multi": 0.9193921716400599,
    "step": 8
}
