{
    "train": {
        "loss": 0.027262184768915176
    },
    "eval": {
        "loss": 0.015241152606904507
    },
    "dice_multi": 0.9193075712551679,
    "step": 8,
    "evaluate/dice_multi": 0.9108547163442198
}