{
    "train": {
        "loss": 0.02555321715772152
    },
    "eval": {
        "loss": 0.03034435398876667
    },
    "dice_multi": 0.8510790123956143,
    "step": 8,
    "evaluate/dice_multi": 0.8750836983562333
}
