{
    "train": {
        "loss": 0.030718522146344185
    },
    "eval": {
        "loss": 0.03255622833967209
    },
    "dice_multi": 0.8561068883603963,
    "step": 8,
    "evaluate/dice_multi": 0.868209920607427
}
