{
    "train": {
        "loss": 0.03240928798913956
    },
    "eval": {
        "loss": 0.02181170880794525
    },
    "dice_multi": 0.8957114065750903,
    "step": 8
}
