{
    "train": {
        "loss": 0.029964033514261246
    },
    "eval": {
        "loss": 0.02193373814225197
    },
    "dice_multi": 0.8833172129734558,
    "step": 8
}