{
    "train": {
        "loss": 0.016387909650802612
    },
    "eval": {
        "loss": 0.0125281335785985
    },
    "dice_multi": 0.9348472079423866,
    "step": 10
}
