{
    "train": {
        "loss": 0.049609266221523285
    },
    "eval": {
        "loss": 0.029153915122151375
    },
    "dice_multi": 0.8863210638763279,
    "step": 2
}