{
    "train": {
        "loss": 0.03567225858569145
    },
    "eval": {
        "loss": 0.02389080636203289
    },
    "dice_multi": 0.8732865995255108,
    "step": 8
}
