{
    "train": {
        "loss": 0.05781709775328636
    },
    "eval": {
        "loss": 0.02446618862450123
    },
    "dice_multi": 0.9040797180974308,
    "step": 3
}