{
    "train": {
        "loss": 0.037748437374830246
    },
    "eval": {
        "loss": 0.02503073215484619
    },
    "dice_multi": 0.8825494994776251,
    "step": 10
}
