{
    "train": {
        "loss": 0.03601423278450966
    },
    "eval": {
        "loss": 0.0345584861934185
    },
    "dice_multi": 0.8962824676898752,
    "step": 8
}