{
    "train": {
        "loss": 0.025814374908804893
    },
    "eval": {
        "loss": 0.022857999429106712
    },
    "dice_multi": 0.9113878722000102,
    "step": 8
}