{
    "train": {
        "loss": 0.01620442233979702
    },
    "eval": {
        "loss": 0.015294947661459446
    },
    "dice_multi": 0.9268122985958862,
    "step": 10
}
