{
    "train": {
        "loss": 0.01488050352782011
    },
    "eval": {
        "loss": 0.010560448281466961
    },
    "dice_multi": 0.938030332282483,
    "step": 12
}
