{
    "train": {
        "loss": 0.02688889391720295
    },
    "eval": {
        "loss": 0.01813534088432789
    },
    "dice_multi": 0.9097243364033403,
    "step": 10
}