{
    "train": {
        "loss": 0.039380915462970734
    },
    "eval": {
        "loss": 0.042973753064870834
    },
    "dice_multi": 0.7950493407601349,
    "step": 3
}