{
    "train": {
        "loss": 0.02381332591176033
    },
    "eval": {
        "loss": 0.019839391112327576
    },
    "dice_multi": 0.8925906173613132,
    "step": 10
}
