{
    "train": {
        "loss": 0.027010615915060043
    },
    "eval": {
        "loss": 0.01929767243564129
    },
    "dice_multi": 0.923299852714119,
    "step": 8
}
