{
    "train": {
        "loss": 0.027012694627046585
    },
    "eval": {
        "loss": 0.01931161619722843
    },
    "dice_multi": 0.9233407553734461,
    "step": 8
}
