{
    "train": {
        "loss": 0.020186621695756912
    },
    "eval": {
        "loss": 0.01864347979426384
    },
    "dice_multi": 0.9417342971786655,
    "step": 10
}
