{
    "train": {
        "loss": 0.040412671864032745
    },
    "eval": {
        "loss": 0.014499546028673649
    },
    "dice_multi": 0.9166807418459704,
    "step": 8,
    "evaluate/dice_multi": 0.8994974616636708
}