{
    "train": {
        "loss": 0.027146294713020325
    },
    "eval": {
        "loss": 0.025931568816304207
    },
    "dice_multi": 0.8702278335738798,
    "step": 8
}
