{
    "train": {
        "loss": 0.03174786642193794
    },
    "eval": {
        "loss": 0.01930679939687252
    },
    "dice_multi": 0.9135811575962693,
    "step": 8
}
