{
    "train": {
        "loss": 0.02714768424630165
    },
    "eval": {
        "loss": 0.02593979425728321
    },
    "dice_multi": 0.8704074904724854,
    "step": 8
}
