{
    "train": {
        "loss": 0.02650851011276245
    },
    "eval": {
        "loss": 0.028561728075146675
    },
    "dice_multi": 0.8652530339582589,
    "step": 8
}
