{
    "train": {
        "loss": 0.03364802524447441
    },
    "eval": {
        "loss": 0.018873529508709908
    },
    "dice_multi": 0.9253111820694203,
    "step": 8
}