{
    "train": {
        "loss": 0.04948147013783455
    },
    "eval": {
        "loss": 0.019192801788449287
    },
    "dice_multi": 0.9142009816220196,
    "step": 8
}