{
    "train": {
        "loss": 0.03435621038079262
    },
    "eval": {
        "loss": 0.03206763043999672
    },
    "dice_multi": 0.8989015496161206,
    "step": 8
}