{
    "train": {
        "loss": 0.028773397207260132
    },
    "eval": {
        "loss": 0.018159406259655952
    },
    "dice_multi": 0.8928624916257704,
    "step": 8,
    "evaluate/dice_multi": 0.8792260848018943
}
