{
    "train": {
        "loss": 0.02594890259206295
    },
    "eval": {
        "loss": 0.023166080936789513
    },
    "dice_multi": 0.9122725633871247,
    "step": 8
}