{
    "train": {
        "loss": 0.029628027230501175
    },
    "eval": {
        "loss": 0.015622615814208984
    },
    "dice_multi": 0.9234911367371956,
    "step": 8,
    "evaluate/dice_multi": 0.8823183382494396
}