{
    "train": {
        "loss": 0.03606677055358887
    },
    "eval": {
        "loss": 0.033402375876903534
    },
    "dice_multi": 0.8950295779751606,
    "step": 8
}