{
    "train": {
        "loss": 0.023861363530158997
    },
    "eval": {
        "loss": 0.017919983714818954
    },
    "dice_multi": 0.9210007949892698,
    "step": 10
}
