{
    "train": {
        "loss": 0.03322746977210045
    },
    "eval": {
        "loss": 0.023325471207499504
    },
    "dice_multi": 0.8746290559174152,
    "step": 8,
    "evaluate/dice_multi": 0.9066751276664927
}