{
    "train": {
        "loss": 0.024200882762670517
    },
    "eval": {
        "loss": 0.020534532144665718
    },
    "dice_multi": 0.8938242542709842,
    "step": 8
}