{
    "train": {
        "loss": 0.040117088705301285
    },
    "eval": {
        "loss": 0.026210052892565727
    },
    "dice_multi": 0.85357668413169,
    "step": 8
}