{
    "train": {
        "loss": 0.03409894183278084
    },
    "eval": {
        "loss": 0.01943935640156269
    },
    "dice_multi": 0.9074632211334721,
    "step": 8
}
