{
    "train": {
        "loss": 0.14119978249073029
    },
    "eval": {
        "loss": 0.07720758020877838
    },
    "dice_multi": 0.49789100410875836,
    "step": 8
}
