{
    "train": {
        "loss": 0.027012323960661888
    },
    "eval": {
        "loss": 0.019307466223835945
    },
    "dice_multi": 0.9232771144448868,
    "step": 8
}
