{
    "train": {
        "loss": 0.023813148960471153
    },
    "eval": {
        "loss": 0.019832680001854897
    },
    "dice_multi": 0.8925368898978434,
    "step": 10
}
