{
    "train": {
        "loss": 0.037746164947748184
    },
    "eval": {
        "loss": 0.025029918178915977
    },
    "dice_multi": 0.8824710441141155,
    "step": 10
}
