{
    "train": {
        "loss": 0.016435980796813965
    },
    "eval": {
        "loss": 0.0158154908567667
    },
    "dice_multi": 0.9238232376878035,
    "step": 12
}