{
    "train": {
        "loss": 0.02760080248117447
    },
    "eval": {
        "loss": 0.02326853945851326
    },
    "dice_multi": 0.8974618881814,
    "step": 8
}