{
    "train": {
        "loss": 0.03604486584663391
    },
    "eval": {
        "loss": 0.034692488610744476
    },
    "dice_multi": 0.8918098379655492,
    "step": 8
}