{
    "train": {
        "loss": 0.025266453623771667
    },
    "eval": {
        "loss": 0.022799517959356308
    },
    "dice_multi": 0.8840410072491015,
    "step": 6
}