{
    "train": {
        "loss": 0.023815009742975235
    },
    "eval": {
        "loss": 0.019847888499498367
    },
    "dice_multi": 0.8929204604304993,
    "step": 10
}
