{
    "train": {
        "loss": 0.02871641330420971
    },
    "eval": {
        "loss": 0.026586055755615234
    },
    "dice_multi": 0.8588009461632463,
    "step": 8
}
