{
    "train": {
        "loss": 0.037505634129047394
    },
    "eval": {
        "loss": 0.03523523360490799
    },
    "dice_multi": 0.8940565549993984,
    "step": 8
}