{
    "train": {
        "loss": 0.12339556217193604
    },
    "eval": {
        "loss": 0.07129068672657013
    },
    "dice_multi": 0.49565079728053896,
    "step": 1
}