{
    "train": {
        "loss": 0.031179606914520264
    },
    "eval": {
        "loss": 0.022022247314453125
    },
    "dice_multi": 0.8985112602955903,
    "step": 8
}