{
    "train": {
        "loss": 0.025208933278918266
    },
    "eval": {
        "loss": 0.01938578672707081
    },
    "dice_multi": 0.9113167713328821,
    "step": 8
}