{
    "train": {
        "loss": 0.03128885477781296
    },
    "eval": {
        "loss": 0.022633390501141548
    },
    "dice_multi": 0.890592999547831,
    "step": 8,
    "evaluate/dice_multi": 0.9105017018220329
}
