{
    "train": {
        "loss": 0.023809567093849182
    },
    "eval": {
        "loss": 0.019862649962306023
    },
    "dice_multi": 0.8920524064538324,
    "step": 10
}
