{
    "train": {
        "loss": 0.049607109278440475
    },
    "eval": {
        "loss": 0.02915063314139843
    },
    "dice_multi": 0.8863210638763279,
    "step": 2
}