{
    "train": {
        "loss": 0.02469918504357338
    },
    "eval": {
        "loss": 0.020234590396285057
    },
    "dice_multi": 0.8899773205665857,
    "step": 8
}