{
    "train": {
        "loss": 0.03699851408600807
    },
    "eval": {
        "loss": 0.02783510461449623
    },
    "dice_multi": 0.8675524245017726,
    "step": 8
}
