{
    "train": {
        "loss": 0.013456040993332863
    },
    "eval": {
        "loss": 0.01587550714612007
    },
    "dice_multi": 0.929033255894118,
    "step": 10
}
