{
    "train": {
        "loss": 0.02402784675359726
    },
    "eval": {
        "loss": 0.018729763105511665
    },
    "dice_multi": 0.9153490022648962,
    "step": 8
}