{
    "train": {
        "loss": 0.021848049014806747
    },
    "eval": {
        "loss": 0.014794692397117615
    },
    "dice_multi": 0.9131526425001202,
    "step": 8
}