{
    "train": {
        "loss": 0.02454080432653427
    },
    "eval": {
        "loss": 0.020560776814818382
    },
    "dice_multi": 0.8919034788771758,
    "step": 8
}