{
    "train": {
        "loss": 0.02381393127143383
    },
    "eval": {
        "loss": 0.01984524540603161
    },
    "dice_multi": 0.8924004932519918,
    "step": 10
}
