{
    "train": {
        "loss": 0.026167014613747597
    },
    "eval": {
        "loss": 0.01768292859196663
    },
    "dice_multi": 0.9153476279927926,
    "step": 8
}