{
    "train": {
        "loss": 0.013819567859172821
    },
    "eval": {
        "loss": 0.009350547567009926
    },
    "dice_multi": 0.9595098209060411,
    "step": 10
}
