{
    "train": {
        "loss": 0.027793169021606445
    },
    "eval": {
        "loss": 0.024782011285424232
    },
    "dice_multi": 0.8538836939634642,
    "step": 8
}
