{
    "train": {
        "loss": 0.04076850041747093
    },
    "eval": {
        "loss": 0.026584209874272346
    },
    "dice_multi": 0.8672009807221752,
    "step": 8
}