{
    "train": {
        "loss": 0.025900457054376602
    },
    "eval": {
        "loss": 0.02313961088657379
    },
    "dice_multi": 0.9117099244632191,
    "step": 8
}