{
    "train": {
        "loss": 0.027510883286595345
    },
    "eval": {
        "loss": 0.02040068991482258
    },
    "dice_multi": 0.8960491091125712,
    "step": 8
}
