{
    "train": {
        "loss": 0.033567190170288086
    },
    "eval": {
        "loss": 0.02418757602572441
    },
    "dice_multi": 0.8721489300391255,
    "step": 8
}
