{
    "train": {
        "loss": 0.02381107211112976
    },
    "eval": {
        "loss": 0.019824428483843803
    },
    "dice_multi": 0.8926180996929736,
    "step": 10
}
