{
    "train": {
        "loss": 0.05783887952566147
    },
    "eval": {
        "loss": 0.024506909772753716
    },
    "dice_multi": 0.903864844525715,
    "step": 3
}