{
    "train": {
        "loss": 0.03974858298897743
    },
    "eval": {
        "loss": 0.0346180684864521
    },
    "dice_multi": 0.868747905488937,
    "step": 8,
    "evaluate/dice_multi": 0.8598773628154533
}
