{
    "train": {
        "loss": 0.027396978810429573
    },
    "eval": {
        "loss": 0.016742641106247902
    },
    "dice_multi": 0.9090538525012999,
    "step": 8
}