{
    "train": {
        "loss": 0.03149721771478653
    },
    "eval": {
        "loss": 0.021791033446788788
    },
    "dice_multi": 0.8877203928743587,
    "step": 8,
    "evaluate/dice_multi": 0.8821218673604148
}
