{
    "train": {
        "loss": 0.023861482739448547
    },
    "eval": {
        "loss": 0.017908217385411263
    },
    "dice_multi": 0.9211343784454997,
    "step": 10
}
