{
    "train": {
        "loss": 0.018893051892518997
    },
    "eval": {
        "loss": 0.015718046575784683
    },
    "dice_multi": 0.9233465978968542,
    "step": 15
}
