{
    "train": {
        "loss": 0.023912644013762474
    },
    "eval": {
        "loss": 0.017055455595254898
    },
    "dice_multi": 0.9090698935044449,
    "step": 8
}