{
    "train": {
        "loss": 0.03556625545024872
    },
    "eval": {
        "loss": 0.017360839992761612
    },
    "dice_multi": 0.9054001407189967,
    "step": 8,
    "evaluate/dice_multi": 0.9008504590698058
}