{
    "train": {
        "loss": 0.048220884054899216
    },
    "eval": {
        "loss": 0.019355079159140587
    },
    "dice_multi": 0.8969033868866968,
    "step": 8,
    "evaluate/dice_multi": 0.8996838224126054
}