{
    "train": {
        "loss": 0.037750426679849625
    },
    "eval": {
        "loss": 0.025029530748724937
    },
    "dice_multi": 0.8824033625961853,
    "step": 10
}
