{
    "train": {
        "loss": 0.01651938632130623
    },
    "eval": {
        "loss": 0.014086688868701458
    },
    "dice_multi": 0.9243517174363038,
    "step": 12
}