{
    "train": {
        "loss": 0.025298964232206345
    },
    "eval": {
        "loss": 0.021211454644799232
    },
    "dice_multi": 0.9062887468935523,
    "step": 8
}
