{
    "train": {
        "loss": 0.026317451149225235
    },
    "eval": {
        "loss": 0.01876523531973362
    },
    "dice_multi": 0.8992542937422044,
    "step": 8
}