{
    "train": {
        "loss": 0.03030530922114849
    },
    "eval": {
        "loss": 0.019685614854097366
    },
    "dice_multi": 0.8744863797885785,
    "step": 8,
    "evaluate/dice_multi": 0.9059732968240648
}
