{
    "train": {
        "loss": 0.036113884299993515
    },
    "eval": {
        "loss": 0.023507889360189438
    },
    "dice_multi": 0.8909084258530707,
    "step": 8,
    "evaluate/dice_multi": 0.8801156296107249
}