{
    "train": {
        "loss": 0.027146516367793083
    },
    "eval": {
        "loss": 0.02592088282108307
    },
    "dice_multi": 0.870250294414395,
    "step": 8
}
