{
    "train": {
        "loss": 0.023815758526325226
    },
    "eval": {
        "loss": 0.019877880811691284
    },
    "dice_multi": 0.8924667695111529,
    "step": 10
}
