{
    "train": {
        "loss": 0.027621809393167496
    },
    "eval": {
        "loss": 0.016912980005145073
    },
    "dice_multi": 0.9095786888669954,
    "step": 8,
    "evaluate/dice_multi": 0.8954523271127592
}