{
    "train": {
        "loss": 0.024143772199749947
    },
    "eval": {
        "loss": 0.019149456173181534
    },
    "dice_multi": 0.915940108634665,
    "step": 8
}