{
    "train": {
        "loss": 0.03061583824455738
    },
    "eval": {
        "loss": 0.021420806646347046
    },
    "dice_multi": 0.8728481883947294,
    "step": 8
}