{
    "train": {
        "loss": 0.027141200378537178
    },
    "eval": {
        "loss": 0.025943605229258537
    },
    "dice_multi": 0.870407592388631,
    "step": 8
}
