{
    "train": {
        "loss": 0.023951882496476173
    },
    "eval": {
        "loss": 0.02272985503077507
    },
    "dice_multi": 0.9042147218568196,
    "step": 8
}