{
    "train": {
        "loss": 0.025535983964800835
    },
    "eval": {
        "loss": 0.023148898035287857
    },
    "dice_multi": 0.9152284537992773,
    "step": 8
}