{
    "train": {
        "loss": 0.03715108335018158
    },
    "eval": {
        "loss": 0.023133758455514908
    },
    "dice_multi": 0.8908121221001531,
    "step": 8,
    "evaluate/dice_multi": 0.8799299409043905
}
