{
    "train": {
        "loss": 0.024307632818818092
    },
    "eval": {
        "loss": 0.02272910065948963
    },
    "dice_multi": 0.9043686052993276,
    "step": 8
}