{
    "train": {
        "loss": 0.017254043370485306
    },
    "eval": {
        "loss": 0.01514338981360197
    },
    "dice_multi": 0.918244010676778,
    "step": 12
}