{
    "train": {
        "loss": 0.02929670177400112
    },
    "eval": {
        "loss": 0.02184039168059826
    },
    "dice_multi": 0.8960516309561803,
    "step": 8
}
