{
    "train": {
        "loss": 0.026311850175261497
    },
    "eval": {
        "loss": 0.019149359315633774
    },
    "dice_multi": 0.9170633238402575,
    "step": 9
}
