{
    "train": {
        "loss": 0.02374456264078617
    },
    "eval": {
        "loss": 0.019713368266820908
    },
    "dice_multi": 0.9116450780911649,
    "step": 8
}