{
    "train": {
        "loss": 0.04861940070986748
    },
    "eval": {
        "loss": 0.02474961243569851
    },
    "dice_multi": 0.8591746586374676,
    "step": 8
}