{
    "train": {
        "loss": 0.03903111070394516
    },
    "eval": {
        "loss": 0.016192330047488213
    },
    "dice_multi": 0.9057216715097549,
    "step": 8,
    "evaluate/dice_multi": 0.8804278200927956
}