{
    "train": {
        "loss": 0.02301468886435032
    },
    "eval": {
        "loss": 0.014087875373661518
    },
    "dice_multi": 0.909727213803327,
    "step": 8
}