{
    "train": {
        "loss": 0.038592249155044556
    },
    "eval": {
        "loss": 0.0258753914386034
    },
    "dice_multi": 0.9038876142043122,
    "step": 8
}