{
    "train": {
        "loss": 0.028672734275460243
    },
    "eval": {
        "loss": 0.01913931407034397
    },
    "dice_multi": 0.9028248236590616,
    "step": 8,
    "evaluate/dice_multi": 0.8792422521273259
}
