{
    "train": {
        "loss": 0.027989670634269714
    },
    "eval": {
        "loss": 0.026072392240166664
    },
    "dice_multi": 0.8762000650373944,
    "step": 8,
    "evaluate/dice_multi": 0.8639668701434833
}
