{
    "train": {
        "loss": 8.379555702209473
    },
    "eval": {
        "loss": 0.040081579238176346
    },
    "dice_multi": 0.8166786834392878,
    "step": 8
}