{
    "train": {
        "loss": 0.039045847952365875
    },
    "eval": {
        "loss": 0.02548694610595703
    },
    "dice_multi": 0.895244984648013,
    "step": 8,
    "evaluate/dice_multi": 0.8801430848634845
}