{
    "train": {
        "loss": 0.036421846598386765
    },
    "eval": {
        "loss": 0.015883557498455048
    },
    "dice_multi": 0.9123396154458706,
    "step": 8,
    "evaluate/dice_multi": 0.8889454611448214
}