step	mAP50-95(M)
0	0.0
1	0.0
2	0.0
3	0.0
4	0.0
5	0.0
6	0.0
7	3e-05
8	3e-05
9	4e-05
10	4e-05
11	0.00014
12	0.00025
13	0.00013
14	9e-05
15	9e-05
16	0.00021
17	0.00023
18	7e-05
19	0.00024
