step	mAP50(B)
0	0.00301
1	0.01768
2	0.02403
3	0.2591
4	0.3439
5	0.18957
6	0.01994
7	0.02111
8	0.02276
9	0.02476
10	0.03235
11	0.59701
12	0.29922
13	0.78568
14	0.78542
15	0.80798
16	0.83568
17	0.82511
18	0.78027
19	0.74033
20	0.76194
21	0.75373
22	0.74666
23	0.81502
24	0.8353
25	0.84777
26	0.8669
27	0.844
28	0.84112
29	0.84189
