step	mAP50(M)
0	0.00226
1	0.01759
2	0.02328
3	0.33556
4	0.42488
5	0.21572
6	0.02005
7	0.02141
8	0.02618
9	0.02877
10	0.03631
11	0.65709
12	0.35977
13	0.82884
14	0.79434
15	0.81223
16	0.83901
17	0.86884
18	0.85873
19	0.81392
20	0.85345
21	0.82454
22	0.80264
23	0.87532
24	0.86955
25	0.89256
26	0.8704
27	0.87428
28	0.84726
29	0.84688
