step	mAP50-95(B)
0	0.00122
1	0.00979
2	0.01372
3	0.19578
4	0.23336
5	0.13862
6	0.01355
7	0.01333
8	0.01493
9	0.01683
10	0.02349
11	0.42215
12	0.19983
13	0.52096
14	0.54992
15	0.55909
16	0.56738
17	0.5269
18	0.49499
19	0.49902
20	0.52627
21	0.52553
22	0.5321
23	0.59224
24	0.59306
25	0.62374
26	0.63924
27	0.63423
28	0.63307
29	0.63352
