step	precision(B)
0	0.00417
1	0.01028
2	0.01056
3	0.01083
4	0.00944
5	0.00889
6	0.01
7	0.01083
8	0.01139
9	0.01194
10	0.01222
11	1.0
12	0.51441
13	1.0
14	0.8942
15	0.83618
16	0.79867
17	0.76938
18	0.76099
19	0.75521
20	0.78799
21	0.78008
22	0.71116
23	0.80314
24	0.79245
25	0.77825
26	0.77552
27	0.75365
28	0.75927
29	0.75219
