step	precision(M)
0	0.0
1	0.0
2	0.0
3	0.0
4	0.0
5	0.0
6	0.0
7	0.00056
8	0.00056
9	0.00056
10	0.00028
11	0.00111
12	0.00167
13	0.00083
14	0.00028
15	0.00028
16	0.00139
17	0.00167
18	0.00056
19	0.00139
