step	recall(M)
0	0.0
1	0.0
2	0.0
3	0.0
4	0.0
5	0.0
6	0.0
7	0.04348
8	0.04348
9	0.04348
10	0.02174
11	0.08696
12	0.13043
13	0.06522
14	0.02174
15	0.02174
16	0.1087
17	0.13043
18	0.04348
19	0.1087
