step	recall(B)
0	0.34091
1	0.84091
2	0.86364
3	0.88636
4	0.77273
5	0.72727
6	0.81818
7	0.88636
8	0.93182
9	0.97727
10	1.0
11	0.12841
12	0.11364
13	0.20204
14	0.38428
15	0.54545
16	0.72138
17	0.79545
18	0.79601
19	0.7713
20	0.77273
21	0.75
22	0.77273
23	0.8346
24	0.8678
25	0.8775
26	0.81818
27	0.81818
28	0.81818
29	0.81818
